district,superset_district_iso,geojson_geometry
Abim,UG-317,"{""type"":""Polygon"",""coordinates"":[[[33.55880984919514,3.140945543002374],[33.55504440487539,3.195721684008504],[33.60853546054307,3.190135708795935],[33.63776924745281,3.175518815341036],[33.67869654930627,3.178442193852163],[33.67849246615435,3.087589625760586],[33.6705342952215,3.053922431175238],[33.704744093964734,3.028988552080023],[33.71590620310877,2.994442857451872],[33.84240575672027,2.93287838273119],[33.84075646304029,2.832411404562663],[33.847371046836315,2.668545437222122],[33.871452264310506,2.659424547205106],[33.95062055799235,2.61689484322244],[33.96074913926134,2.594570624035043],[33.98297000476191,2.569300849054912],[33.99464887874274,2.541214707692575],[34.0174898618676,2.522507838765762],[34.01997033056631,2.510467231377618],[34.00612104714861,2.502431545179661],[33.97532189309089,2.501733914088845],[33.90142459516892,2.492871404691584],[33.83713911277982,2.500416165373736],[33.77171674972817,2.501139634886215],[33.71115197128643,2.467033188930486],[33.68210981641488,2.458454902171979],[33.651207309569656,2.456439521466734],[33.62991662005595,2.485662543491571],[33.599944289197595,2.507754217782917],[33.53421186688411,2.596430976008719],[33.52470340323947,2.668674628431347],[33.55260867744846,2.735518092985615],[33.603768345033075,2.783344631149816],[33.60387169782058,2.81791616509895],[33.59663699729958,2.848121039054718],[33.58165083232001,2.873752550140068],[33.5777234227977,2.903776556942546],[33.571212192688506,2.930622463056238],[33.57286583818785,2.960439765183025],[33.55880984919514,3.140945543002374]]]}"
Adjumani,UG-301,"{""type"":""Polygon"",""coordinates"":[[[32.02223590666176,3.586420194936011],[32.03016849700009,3.585932109000098],[32.04153731300005,3.57986012800005],[32.05422597800009,3.559571835000057],[32.05419884639963,3.558775336512554],[32.04934126178978,3.416174221163374],[32.04283003078126,3.403720200826569],[32.0304276872879,3.397053941086483],[32.02846398342609,3.376693427559644],[32.03063439286291,3.355609442721573],[32.039109327733286,3.338091132199963],[32.041589797331255,3.321141262459264],[32.02184939963007,3.285096951063451],[32.01967898929388,3.264323025487215],[32.02453657390373,3.24285146702158],[32.018852166094575,3.224196274938151],[32.0085168801499,3.206367906054027],[31.9965279478065,3.190451565087642],[31.98154178192766,3.176783148823233],[31.97534061018098,3.157688707168063],[31.97399702304415,3.136346339911654],[31.937100050926574,3.076375841571803],[31.93492963969112,3.056041165567308],[31.930898879179892,3.036197415078618],[31.730650166671808,2.974067389098707],[31.625052183911123,2.957394024015002],[31.593865187328504,2.913930975733933],[31.568957146654952,2.877964178703849],[31.55500450955043,2.869127509526948],[31.53640099520976,2.868636583111822],[31.523585238767737,2.875328681273629],[31.51480024643422,2.889488023053786],[31.488651971411343,2.896774400418224],[31.467581509678894,2.924047292948217],[31.443497758814487,2.944425850472612],[31.40224897630918,2.955504666207389],[31.4153747902144,2.993848578249299],[31.43015424961891,3.014855047822209],[31.47562951029363,3.06304332119231],[31.5124231296237,3.118595486292634],[31.524515414754546,3.144666246050406],[31.551198763911827,3.20193105667289],[31.5629626813826,3.24419505505773],[31.567303501155607,3.271118476436527],[31.570404086579288,3.278973292783235],[31.575571729551655,3.285717067788426],[31.582393018922687,3.292460841894354],[31.58838748509436,3.300057278520569],[31.596965772752185,3.334525457883558],[31.611641880268564,3.353128974022923],[31.646161737374257,3.387597154285231],[31.65256961379663,3.406355699156165],[31.6574271993058,3.431651313457337],[31.664248487777456,3.453846340536188],[31.681715122355,3.467592271166382],[31.686676059752358,3.476971544501168],[31.693290642649004,3.486350816037316],[31.70383263506801,3.490614122343857],[31.725846794993572,3.492629503049102],[31.748584426230252,3.497461249237233],[31.758299594550635,3.503507392252345],[31.78269087128666,3.52536652344628],[31.803721550609055,3.533270574977053],[31.815196159774928,3.535223700113647],[31.813080274435094,3.522243556594844],[31.82325280017659,3.520331122183507],[31.841319207015772,3.521673895433935],[31.85035240953607,3.513698634684204],[31.861745639049957,3.506293035994815],[31.873952670479355,3.500596421687476],[31.885752800051648,3.497503973329685],[31.908376497976974,3.499457098466337],[31.92815188919832,3.510280665919993],[31.941905143907263,3.527655340321701],[31.947125277609473,3.549266872867861],[31.958287387652774,3.563400377125674],[32.00882693941168,3.578231513373623],[32.02223590666176,3.586420194936011]]]}"
Agago,UG-322,"{""type"":""Polygon"",""coordinates"":[[[33.550024855062986,3.268741360525382],[33.55504440487539,3.195721684008504],[33.55880984919514,3.140945543002374],[33.57286583818785,2.960439765183025],[33.571212192688506,2.930622463056238],[33.5777234227977,2.903776556942546],[33.58165083232001,2.873752550140068],[33.59663699729958,2.848121039054718],[33.60387169782058,2.81791616509895],[33.603768345033075,2.783344631149816],[33.55260867744846,2.735518092985615],[33.52470340323947,2.668674628431347],[33.53421186688411,2.596430976008719],[33.47705773312788,2.593769639257459],[33.43209923728995,2.629348863559187],[33.41638960099925,2.612554023449434],[33.39819949690923,2.604595852516582],[33.37515180820935,2.613225816118529],[33.35355106033313,2.61593882881391],[33.33701460084313,2.598911444707369],[33.31810102724057,2.588601996285092],[33.27717329281319,2.60201203013105],[33.23500532403648,2.598239651138954],[33.21898563028259,2.603071397327142],[33.20286258284193,2.604285793254746],[33.1799182469295,2.596379299165335],[33.162865025300675,2.605267646084997],[33.148395624258626,2.6161196959672],[33.12865522565812,2.611830553037578],[33.079403914958675,2.675621057565763],[33.05601688507119,2.710701601497703],[33.0823272934698,2.739935388407446],[33.21095595695181,2.745782146328963],[33.24311312237268,2.78086269026096],[33.248959879394874,2.84810040051309],[33.228496228917834,2.88318094534435],[33.164181897176775,2.886104323855477],[33.111561080379545,2.894874460288122],[33.10571432335729,2.929955004220062],[33.13494811026703,2.95334203410755],[33.15541176074413,2.976729063995094],[33.15541176074413,3.017656365848609],[33.19049230557545,3.111204483600034],[33.21431407043798,3.18802332991271],[33.27293582492837,3.178152574381784],[33.31272667779393,3.191976020277082],[33.360048270011646,3.195982466717453],[33.35148400188518,3.262359319826714],[33.41669966026109,3.260059719180674],[33.38931115088889,3.299488836840339],[33.47054650211936,3.291091417235123],[33.488323195059365,3.280730291969405],[33.50485965275078,3.267268582179327],[33.52697716636311,3.265459906149715],[33.550024855062986,3.268741360525382]]]}"
Alebtong,UG-323,"{""type"":""Polygon"",""coordinates"":[[[33.37122439958637,2.019308579827111],[33.33308719311947,2.038738918266461],[33.2912292818059,2.039462389577579],[33.27800011601255,2.062096666228172],[33.26218712693435,2.08168203429841],[33.21278445763659,2.091216335465504],[33.17340701682036,2.111499335525878],[33.15542361830529,2.104109605373992],[33.13619998544095,2.108037013996977],[33.118113234138434,2.078891506337925],[33.08586714015638,2.066282457269551],[33.079403914958675,2.222497357766827],[33.05894026358226,2.257577902598143],[33.02093634113919,2.278041553075184],[32.9829324177968,2.307275339984926],[32.96831552434196,2.342355884816243],[32.9332349795107,2.354049399759958],[32.88938429914606,2.354049399759958],[32.89523105616831,2.377436429647503],[32.93908173743222,2.394976701613473],[32.96539214493151,2.424210488523215],[32.96539214493151,2.453444275432958],[33.0180129617288,2.441750760489185],[33.06478702150383,2.441750760489185],[33.088174050492,2.459291033354475],[33.12617797383439,2.459291033354475],[33.17002865419903,2.441750760489185],[33.18464554855319,2.403746838046118],[33.20510919903029,2.383283186669701],[33.25188325880532,2.371589671725985],[33.327891104590776,2.368666293214858],[33.377588542876936,2.351126021248888],[33.39220543633178,2.339432506305116],[33.48867693349365,2.339432506305116],[33.51498734189232,2.356972778271086],[33.54609744644,2.355928860528479],[33.544960564878124,2.329832262349044],[33.548474562351146,2.289834703009149],[33.519535760267104,2.261541856071801],[33.48418908086137,2.236633816297569],[33.443984815946465,2.235987861150875],[33.45473351394048,2.220381578547006],[33.470236443756846,2.207565823004302],[33.47623090992852,2.187980454934063],[33.471373325318666,2.165811265377556],[33.46816938710754,2.15725881614145],[33.46413862479767,2.149145616477028],[33.466722446283825,2.13762177212709],[33.47075320769437,2.128345852479072],[33.45669721870166,2.111654364257504],[33.43644005706295,2.105711574929217],[33.425277947918914,2.121886298313996],[33.4096716653151,2.125193590212007],[33.36977745876271,2.091862291511518],[33.364609815790345,2.052381497008469],[33.37122439958637,2.019308579827111]]]}"
Amolatar,UG-314,"{""type"":""Polygon"",""coordinates"":[[[32.88825646296539,1.808158678480197],[32.98933556468455,1.715451157944585],[32.979000277840555,1.664291490359972],[32.943343540072306,1.645584622332422],[32.96525434721036,1.562437242284886],[32.96422081933531,1.473553778484074],[32.81136193240724,1.47520742398342],[32.687958612399996,1.470530707426178],[32.600999119513745,1.462718505454632],[32.57496178485849,1.488145249903368],[32.55555109390781,1.520540545909455],[32.52654056099806,1.515936590801005],[32.50611412896387,1.521307684701867],[32.47536176933016,1.551585191503364],[32.453705274278946,1.567246812090673],[32.42936974471792,1.574167792209835],[32.383894484043196,1.603106594293877],[32.317748650579745,1.623777167082608],[32.30286583838773,1.648581854968597],[32.34834109906245,1.6551964378653],[32.52445438026541,1.65271596916665],[32.59473432792686,1.651889145967289],[32.6294608897083,1.671732896455978],[32.69540001759674,1.732736925368783],[32.77332807782852,1.801544093784912],[32.88825646296539,1.808158678480197]]]}"
Amudat,UG-324,"{""type"":""Polygon"",""coordinates"":[[[34.92234338300011,2.210718893000134],[34.967508586000065,2.101914164000078],[34.96761193800012,2.082561340000026],[34.95820682800013,2.037964580000107],[34.956656535000036,2.018508403000027],[34.95789676900006,1.997837830000108],[34.96203088300007,1.977813212000072],[34.96916223100004,1.960294902000015],[34.977947225000094,1.949907939000084],[35.00140832500006,1.927997132000129],[35.006472615000064,1.916860860000014],[35.002751912000065,1.906138001000087],[34.984045044000084,1.882470194000064],[34.9797042240001,1.870300395000058],[34.97867069500012,1.675945333000044],[34.97267622900006,1.654241231000057],[34.94094689900004,1.587036031000082],[34.93371219900007,1.575693054000098],[34.92348026500008,1.566107076000094],[34.913558390000105,1.561559550000069],[34.89257775900012,1.5572704060001],[34.88255253000011,1.552231954000121],[34.859504842000035,1.517918803000015],[34.83842085800012,1.437174378000066],[34.77899296100014,1.388546855000058],[34.78074667671774,1.371789121770519],[34.7802340019976,1.372422999921525],[34.74220014831815,1.419448554207406],[34.68122195782706,1.513990587395654],[34.637275385450664,1.540856558283508],[34.6976316938476,1.580275865239003],[34.75042526771193,1.613871776861004],[34.78882059399518,1.681063598306423],[34.80321884157627,1.777051914014635],[34.80321884157627,1.906636141344848],[34.80801825713684,1.993025626831184],[34.86081183190049,1.99782504239181],[34.84161416785952,2.113011022140938],[34.884808910602715,2.151406348424246],[34.92234338300011,2.210718893000134]]]}"
Amuria,UG-216,"{""type"":""Polygon"",""coordinates"":[[[33.443778110371454,1.887430324949548],[33.41731977698612,1.917402654908585],[33.41638960099925,1.957710273510315],[33.4030570824184,1.970422675366137],[33.38435021259221,1.979956977432551],[33.37587527772189,1.998715522303485],[33.37122439958637,2.019308579827111],[33.364609815790345,2.052381497008469],[33.36977745876271,2.091862291511518],[33.4096716653151,2.125193590212007],[33.425277947918914,2.121886298313996],[33.43644005706295,2.105711574929217],[33.45669721870166,2.111654364257504],[33.47075320769437,2.128345852479072],[33.466722446283825,2.13762177212709],[33.46413862479767,2.149145616477028],[33.46816938710754,2.15725881614145],[33.471373325318666,2.165811265377556],[33.47623090992852,2.187980454934063],[33.470236443756846,2.207565823004302],[33.45473351394048,2.220381578547006],[33.443984815946465,2.235987861150875],[33.48418908086137,2.236633816297569],[33.519535760267104,2.261541856071801],[33.548474562351146,2.289834703009149],[33.544960564878124,2.329832262349044],[33.54609744644,2.355928860528479],[33.57596642361153,2.337583725908189],[33.61007286956726,2.332106025472683],[33.63777143730198,2.36037303308899],[33.67311811670771,2.361975001744952],[33.723657667567295,2.412876287810434],[33.748669061028295,2.402230943503241],[33.90566206215442,2.304304104051141],[33.886645134865034,2.25787282986721],[33.87848025925655,2.209477850922099],[33.884578078215725,2.192760525178073],[33.89584354014721,2.179557196007806],[33.90566206215442,2.135813096996799],[33.907109002078755,2.112713731453539],[33.89698042170909,2.091087144256278],[33.89088260274991,2.073956407362289],[33.89263960103676,2.05512034722625],[33.89956424319524,2.044785061281516],[33.90163130074393,2.034268907284229],[33.89512006973541,2.024553738064526],[33.889745721188035,2.014295966485633],[33.88912560356374,1.997759507894955],[33.89667036334657,1.982566637340426],[33.89222618988674,1.93737559750582],[33.89791059679658,1.916498318242759],[33.89698042170909,1.89668040617579],[33.863907505426994,1.871023057568038],[33.85171186660932,1.845443223326072],[33.868558383562515,1.810664984701248],[33.869901970699345,1.771313381407424],[33.846647577323836,1.735139878802329],[33.809027133895086,1.708319810211037],[33.7984851423754,1.720205389766932],[33.79001020660576,1.73172923411687],[33.787012973969524,1.753355821314074],[33.781638625422204,1.774000556580404],[33.75269982333816,1.807150987228283],[33.71817996623241,1.835159613325459],[33.709394972100256,1.847019355358952],[33.699576450093105,1.85738047882603],[33.677975702216884,1.868206692085153],[33.659682245339354,1.883657945058133],[33.65575483581699,1.90091787406061],[33.649243604808476,1.918126125320441],[33.629193149644095,1.926316840249967],[33.60769575365606,1.930916042441368],[33.57462283737402,1.949700425734022],[33.549818150387296,1.977011419841119],[33.53090457498615,2.012926540927083],[33.49225060368241,2.021427314219181],[33.46837609178317,2.003753974066626],[33.462691684873334,1.971223660143778],[33.45111616368001,1.930399278503899],[33.443778110371454,1.887430324949548]]]}"
Amuru,UG-319,"{""type"":""Polygon"",""coordinates"":[[[32.15584558100011,3.511776428000061],[32.16798954200004,3.512241516000074],[32.17455244900009,3.520897318000038],[32.17592855775672,3.527233818186176],[32.196102328859354,3.50128530507277],[32.200753207894195,3.48257843704522],[32.2112952003132,3.466145331242046],[32.21687625533491,3.446069036756626],[32.25656375541297,3.406148993581155],[32.2686560396445,3.373902900498422],[32.320229120177714,3.313699856363257],[32.357444535936565,3.286692430211474],[32.319034828594454,3.252016652246709],[32.28161215147958,3.200560470988933],[32.21846138328618,3.14676537252393],[32.19975004472877,3.116359447030845],[32.17869978896408,3.05320867883745],[32.1763608717568,2.994735745058563],[32.19351850827252,2.952688299825184],[32.2161224660789,2.786572102820287],[32.213783548871675,2.763182928948993],[32.20108336250718,2.729452688290905],[32.17981762018701,2.740085559001329],[32.13728613734537,2.750718429711753],[32.10184323407799,2.77552846226871],[32.055767460999505,2.77552846226871],[32.020324557732124,2.779072752505499],[31.984881655364063,2.800338493926347],[31.74741420590084,2.796794203689558],[31.719059884006413,2.771984172031921],[31.70488272215988,2.732996978527751],[31.58792114344601,2.732996978527751],[31.545389659704995,2.711731237106903],[31.499313885727247,2.66211117289231],[31.467415273595975,2.630212560761038],[31.423539665822886,2.617308254372404],[31.416408318988715,2.638418076732819],[31.41961225809922,2.662008367791941],[31.424883253859036,2.667434394082022],[31.442039829174746,2.676426092889869],[31.44751753140895,2.681852118280631],[31.449274529695742,2.693892727467414],[31.446690708209587,2.70590749823242],[31.442659945899777,2.717250474529749],[31.437182244564895,2.752467962726314],[31.427363721658423,2.764276027916367],[31.4122742038914,2.772027493274209],[31.392843866351313,2.785515042385271],[31.371036411101443,2.821068427366015],[31.367625767315303,2.86279714657104],[31.376720818910655,2.903518175423471],[31.40224897630918,2.955504666207389],[31.443497758814487,2.944425850472612],[31.467581509678894,2.924047292948217],[31.488651971411343,2.896774400418224],[31.51480024643422,2.889488023053786],[31.523585238767737,2.875328681273629],[31.53640099520976,2.868636583111822],[31.55500450955043,2.869127509526948],[31.568957146654952,2.877964178703849],[31.593865187328504,2.913930975733933],[31.625052183911123,2.957394024015002],[31.730650166671808,2.974067389098707],[31.930898879179892,3.036197415078618],[31.93492963969112,3.056041165567308],[31.937100050926574,3.076375841571803],[31.97399702304415,3.136346339911654],[31.97534061018098,3.157688707168063],[31.98154178192766,3.176783148823233],[31.9965279478065,3.190451565087642],[32.0085168801499,3.206367906054027],[32.018852166094575,3.224196274938151],[32.02453657390373,3.24285146702158],[32.01967898929388,3.264323025487215],[32.02184939963007,3.285096951063451],[32.041589797331255,3.321141262459264],[32.039109327733286,3.338091132199963],[32.03063439286291,3.355609442721573],[32.02846398342609,3.376693427559644],[32.0304276872879,3.397053941086483],[32.04283003078126,3.403720200826569],[32.04934126178978,3.416174221163374],[32.05419884639963,3.558775336512554],[32.05422597800009,3.559571835000057],[32.060864299000116,3.548957621000056],[32.076160523000055,3.533170471000062],[32.093007040000145,3.5244629930001],[32.15584558100011,3.511776428000061]]]}"
Apac,UG-302,"{""type"":""Polygon"",""coordinates"":[[[32.30286583838773,1.648581854968597],[32.23516971221244,1.668270574927078],[32.21201866982574,1.676357937069156],[32.177602166406814,1.677520657052696],[32.141015251752435,1.667185370208642],[32.104221633321686,1.647806707713357],[32.101534458148706,1.665635077496802],[32.1117663922052,1.697131863544655],[32.104221633321686,1.715451157944585],[32.11548709525323,1.729093735787274],[32.14628624931095,1.757980861927251],[32.152590772945814,1.767282619996877],[32.162822707002306,1.778212185144241],[32.20912478997707,1.788004868729672],[32.22152713436975,1.798624376413841],[32.23279259630124,1.793818467748054],[32.24095747190978,1.796608994809276],[32.24881229005513,1.801957505834196],[32.25904422411162,1.804825548160522],[32.27051639161817,1.809476427195364],[32.27444380114048,1.820586860395281],[32.27578738827731,1.833376777516264],[32.27950809132534,1.843324489833321],[32.296561313853545,1.849835719942519],[32.32250288330141,1.856579494947709],[32.34151980969142,1.867896632823317],[32.337592401068434,1.887998764831138],[32.342656691253296,1.894509995839599],[32.344517043226915,1.903139960340866],[32.34441369043947,1.925257473053932],[32.34637739430127,1.933939114398584],[32.35154503817296,1.940915432501185],[32.36549767437816,1.95566905438335],[32.35247521326045,1.96008738942146],[32.341623163378244,1.962490342855006],[32.33418175638292,1.967451280252362],[32.33139122932175,1.979569402905611],[32.33428510917042,1.992746894553534],[32.34792768701311,2.019282742304711],[32.351855095636154,2.031375027435558],[32.35133833169863,2.050236925093998],[32.34679080635061,2.07266449616958],[32.422708594026346,2.04101978423563],[32.47070275233011,2.050618616256145],[32.53210249193643,2.144365546232962],[32.549731005381545,2.180344297950967],[32.5999698076605,2.178646677402241],[32.67305427493483,2.178646677402241],[32.6905945469008,2.158183026925144],[32.711058198277215,2.140642754059854],[32.7490621216196,2.137719375548727],[32.7695257720967,2.120179103582757],[32.81280887233157,2.106745102804268],[32.82810509567361,2.091681423458908],[32.84567508303866,2.081242783827406],[32.867585890176656,2.082431342232667],[32.8880497582897,2.074705715296489],[32.87967817620682,2.028842881893468],[32.864278599177965,1.985202134770702],[32.86820600780101,1.949881292887369],[32.9127510915896,1.943163357203161],[32.94675418475782,1.927737941752582],[32.943343540072306,1.867173163310838],[33.02471983215452,1.81738946834929],[32.98933556468455,1.715451157944585],[32.88825646296539,1.808158678480197],[32.77332807782852,1.801544093784912],[32.69540001759674,1.732736925368783],[32.6294608897083,1.671732896455978],[32.59473432792686,1.651889145967289],[32.52445438026541,1.65271596916665],[32.34834109906245,1.6551964378653],[32.30286583838773,1.648581854968597]]]}"
Arua,UG-303,"{""type"":""Polygon"",""coordinates"":[[[30.770779427484992,2.675847141744667],[30.797685587000103,2.748360495000028],[30.798925822000058,2.753528138000121],[30.799132528000086,2.763450012000121],[30.801612997000063,2.769082743000055],[30.805850464000116,2.771873271000118],[30.81794274900011,2.77419871000005],[30.82187015700009,2.776162415000087],[30.82869144700004,2.786084290000076],[30.853392782000128,2.853367005000067],[30.854839722000122,2.893209534000079],[30.843987671000093,2.932793681000135],[30.82093998200014,2.973152975000104],[30.80362837700011,2.989069316000041],[30.757067912000082,3.021470439000041],[30.74507898000013,3.036301575000067],[30.743838745000062,3.055473531000075],[30.747869507000075,3.076712545000049],[30.763415783000085,3.12343695000007],[30.80765994644935,3.12203196939987],[30.915767043114556,3.117226059834763],[30.95076818680235,3.156121041352947],[30.992868698331733,3.184188049638749],[31.020935706617536,3.214593975131834],[31.027952459138646,3.26605015638961],[31.05374311695124,3.312976385951458],[31.07482710088999,3.292202460375222],[31.103145786249,3.297861028863394],[31.122472771900902,3.312898870686297],[31.130741001196213,3.336540839488123],[31.150998162834924,3.348064682938741],[31.17652632023345,3.343930568740745],[31.20546512231755,3.334887193089457],[31.22530887190692,3.314345811510009],[31.266236607233623,3.28427012786409],[31.316982862768896,3.269826565243761],[31.335689731695766,3.253574327493197],[31.347782016826613,3.230009873956533],[31.371243116676453,3.2228010118572],[31.398528273261206,3.21933869122762],[31.419302198837386,3.176111355254818],[31.424159784346557,3.130687771423482],[31.5124231296237,3.118595486292634],[31.47562951029363,3.06304332119231],[31.43015424961891,3.014855047822209],[31.4153747902144,2.993848578249299],[31.40224897630918,2.955504666207389],[31.376720818910655,2.903518175423471],[31.367625767315303,2.86279714657104],[31.371036411101443,2.821068427366015],[31.392843866351313,2.785515042385271],[31.348298780764082,2.762105618479495],[31.32959191273659,2.753837389184127],[31.325044387388573,2.740324000752025],[31.316362746043865,2.724717719047476],[31.301996697789377,2.713581448325158],[31.296725702029505,2.698517768080535],[31.29837934662953,2.67797638650103],[31.287837355109843,2.663558661403101],[31.251973910867264,2.635575872828269],[31.154762926367937,2.622948953331502],[31.11486778182268,2.60015172762013],[31.04830549210476,2.58889263558666],[30.98883751783717,2.61477610883037],[30.988940870624674,2.66025137040441],[30.975815056719455,2.69704498883516],[30.966047861719403,2.737264347071971],[30.92456011315869,2.731337525206584],[30.868255311733208,2.712075356392575],[30.834176090054484,2.689849776645872],[30.770779427484992,2.675847141744667]]]}"
Budaka,UG-217,"{""type"":""Polygon"",""coordinates"":[[[34.12983442641763,1.114505926707125],[34.11340131971514,1.068617254882383],[34.098105096373104,1.053217677853524],[34.07733116989755,1.050995592472589],[34.069166294289005,1.03404572183257],[34.00922163257229,0.994823309747915],[33.95465132030216,0.948211168410694],[33.90070112475706,0.927230536360128],[33.84365034378834,0.938961086285076],[33.84878391684424,1.028965540627212],[33.866149828251935,1.05212008947052],[33.90088165106732,1.069486000878214],[33.91535324375718,1.089746230104424],[33.89509301363165,1.101323504975767],[33.886410058377464,1.121583734201977],[33.89798733234949,1.138949645609671],[33.90377596888584,1.167892831888651],[33.981922570670065,1.170787149707166],[34.048491896683686,1.150526920480957],[34.08611803821685,1.133161009073319],[34.12983442641763,1.114505926707125]]]}"
Bududa,UG-223,"{""type"":""Polygon"",""coordinates"":[[[34.507484984944085,1.102517801955003],[34.48702111800009,1.08246734700009],[34.47720259600004,1.064587301000131],[34.4688310140001,1.044226787000099],[34.46366337100005,1.022936096000109],[34.463346175433365,0.999992276520293],[34.44080356563205,1.007839153654004],[34.34909497964958,1.007839153654004],[34.34714373319673,0.986375442672511],[34.32958251422161,0.986375442672511],[34.32958251422161,1.000034167842557],[34.26357303236955,0.999164130420297],[34.28000613817272,1.019731350421466],[34.2926151872411,1.043089097483858],[34.31659305192778,1.074663397897496],[34.3571073752052,1.086445623766508],[34.388733350663585,1.105514227899278],[34.470795525992685,1.098021144959887],[34.507484984944085,1.102517801955003]]]}"
Bugiri,UG-201,"{""type"":""Polygon"",""coordinates"":[[[33.609556104730416,0.464416409489672],[33.60872928243043,0.502863674319087],[33.61751427566327,0.542292791978753],[33.64262902191183,0.5698363309819],[33.66154259641365,0.600067043359331],[33.668570591359696,0.639909573068337],[33.665986768974165,0.679958808352296],[33.63880496607629,0.706882228831773],[33.63053673678098,0.732927151067145],[33.662369418713695,0.71587392853894],[33.69564904057074,0.701972968277857],[33.72551801864165,0.698097236498256],[33.744224887568464,0.722643541066532],[33.77512739441369,0.678821925891157],[33.80602990125891,0.679855455564791],[33.83744917204166,0.689622300728558],[33.85129845635868,0.688382066379233],[33.865147738877,0.684558010543753],[33.88251102066704,0.648229478307769],[33.89553348178475,0.608697007860599],[33.95713178900087,0.564151923172687],[33.948760206917996,0.547718818268834],[33.930053337991126,0.543946438377418],[33.89470665858539,0.496042384948112],[33.89253624914858,0.473924872235045],[33.85843267023154,0.453845066796362],[33.83880912953765,0.42637210838609],[33.828997358741105,0.383200318140155],[33.797599692371875,0.385162672119634],[33.76423967202322,0.37142619336413],[33.72891729769509,0.3459155898326],[33.684693637901034,0.321686102931267],[33.69337527834642,0.368401597056049],[33.640392980851345,0.380638184704424],[33.62013275072587,0.406687051366305],[33.59697820278183,0.421158644056163],[33.60883263521794,0.442247219033902],[33.60986616399225,0.453461005021381],[33.609556104730416,0.464416409489672]]]}"
Buhweju,UG-325,"{""type"":""Polygon"",""coordinates"":[[[30.323373194517274,-0.211647935903557],[30.40799441860753,-0.267838636743704],[30.415022413553515,-0.281016126592988],[30.425874465234358,-0.290266208718549],[30.44096398300138,-0.287268975183053],[30.448922153034914,-0.274194838121275],[30.452436151407255,-0.260965670529288],[30.462874790139438,-0.25290414770825],[30.484785597277494,-0.248408298304355],[30.503595818991812,-0.255901381243746],[30.492847120997794,-0.31574269017301],[30.496774529620836,-0.383748874710818],[30.467008905236753,-0.412429293477146],[30.47000613787293,-0.445967298651908],[30.337969358599025,-0.456687250716072],[30.326195233822943,-0.492009625044147],[30.283023442677745,-0.476310791409901],[30.21237869402148,-0.437063709122867],[30.137809237406373,-0.417440167529719],[30.145658654223496,-0.307548336586478],[30.169206903775546,-0.28792479499333],[30.216303402879703,-0.260451837482321],[30.283023442677745,-0.244753003848075],[30.323373194517274,-0.211647935903557]]]}"
Buikwe,UG-117,"{""type"":""Polygon"",""coordinates"":[[[33.0316413617594,0.586999225833608],[33.044767027276464,0.571517671103607],[33.09857954291158,0.544204819896493],[33.157594027742164,0.494698797811282],[33.180745070128864,0.465243231789714],[33.18725630113738,0.428139553197809],[33.18364369569997,0.392269877552792],[33.21450759824705,0.369170555176993],[33.27285498846692,0.350246361480401],[33.22502688907963,0.323919989216108],[33.192474805268034,0.298651434615977],[33.18531334733308,0.263047593171905],[33.174082878921695,0.221502996665947],[33.13339277415719,0.181708075267466],[33.07829837297152,0.091009832637667],[33.013763868307876,-0.146986586361891],[32.8472253757505,-0.462102566080546],[32.8472253757505,-0.163090508819948],[32.605021537913615,-0.163090508819948],[32.77313080524243,0.036971822791372],[32.86067469917799,0.140354060391587],[32.862289544326984,0.174265804922925],[32.89135675431072,0.206562704305327],[32.9188091182462,0.256622899427271],[32.976943538213675,0.313142473346431],[33.02054435273965,0.35997297817039],[33.02861857758529,0.414877707839935],[33.00116621275049,0.453633986918931],[32.98501776305932,0.510153561737468],[32.98824745245793,0.558598910811099],[33.0316413617594,0.586999225833608]]]}"
Bukedea,UG-224,"{""type"":""Polygon"",""coordinates"":[[[34.11650190603814,1.177861233109411],[34.069579706338345,1.19000519418438],[34.04983930773784,1.201012275496112],[34.029478794210945,1.208350327905293],[33.942352328696984,1.226282050476243],[33.92664269420493,1.246177476009677],[33.961662340544535,1.272088299435438],[34.002182799896275,1.295242848278804],[33.99928848117844,1.353129219038237],[33.99928848117844,1.39364967838992],[34.01954871130397,1.411015589797614],[34.048491896683686,1.431275819923144],[34.042703260147334,1.494950828118192],[34.08611803821685,1.520999694780073],[34.14689872769412,1.532576969651416],[34.22967329288815,1.555719305701359],[34.227812940914475,1.489263413875449],[34.229569940100646,1.465388901976212],[34.2425924012183,1.448697415553283],[34.268120557717566,1.399656480562101],[34.25716515504786,1.346352240163753],[34.248070102553186,1.320023097987587],[34.24279910679331,1.292376207096254],[34.23101688002498,1.265814520923414],[34.21417036307179,1.241629949762341],[34.19184614388439,1.193002427719875],[34.15691287562868,1.163185126492408],[34.13582889168998,1.167112535115393],[34.11650190603814,1.177861233109411]]]}"
Bukomansimbi,UG-118,"{""type"":""Polygon"",""coordinates"":[[[31.607235134793598,-0.262178255222295],[31.587310624285863,-0.17109477540356],[31.564539754106363,-0.054394066632881],[31.550353631414964,0.018293769042202],[31.591798129779818,0.049351305518314],[31.620736931863917,0.043150132872313],[31.648848910748598,0.047129218338739],[31.67270138655971,0.01107218423391],[31.68693318042193,-0.023084120136048],[31.70970404970211,-0.07716493681238],[31.72678220233672,-0.119860317499672],[31.735321278654055,-0.165402057858671],[31.755245790061167,-0.205251079773518],[31.749553072516278,-0.228021949953018],[31.72108948479189,-0.262178255222295],[31.607235134793598,-0.262178255222295]]]}"
Bukwa,UG-218,"{""type"":""Polygon"",""coordinates"":[[[34.56688291800015,1.103021686000076],[34.561228475000064,1.093371074000061],[34.5600649320001,1.093149310000101],[34.55998904815601,1.093318589980925],[34.55730187388235,1.099313056152596],[34.54603641105149,1.149645901437168],[34.54841352696269,1.200392156972441],[34.570427686888195,1.248554591920879],[34.60370730964462,1.289068915198243],[34.62820193916815,1.304881903377122],[34.65476362534099,1.315268866165241],[34.67584760927974,1.31852448211913],[34.69527794771909,1.328084621707887],[34.72721398333863,1.368986517713608],[34.74220014831815,1.419448554207406],[34.7802340019976,1.372422999921525],[34.78074667671774,1.371789121770519],[34.78271366400014,1.352993469000097],[34.80007694500006,1.312324117000045],[34.81051558500013,1.272533264000046],[34.797906535000095,1.231915588000092],[34.76607385300014,1.21749786400008],[34.683804973000065,1.209074606000087],[34.66303104600013,1.196362203000135],[34.62892460100005,1.163599345000137],[34.58045210800009,1.15254058900004],[34.57363081800014,1.134247131000066],[34.57197717300011,1.111716207000129],[34.56688291800015,1.103021686000076]]]}"
Bulambuli,UG-225,"{""type"":""Polygon"",""coordinates"":[[[34.26088585809583,1.562798977490786],[34.27442508315107,1.553910631470444],[34.288894484193065,1.547606106036937],[34.37767459520637,1.557217922469135],[34.42139285669498,1.528330797228477],[34.45281212657835,1.487118841960978],[34.43317508256399,1.445622666752683],[34.38594282360242,1.424280300395537],[34.35493696486901,1.404204005910117],[34.329408806571166,1.377900702155671],[34.3139058767548,1.351261500717669],[34.30904829304427,1.321263333236232],[34.3284786305843,1.299972641923887],[34.431108025914625,1.258786525977371],[34.4984940937274,1.221734524228907],[34.52443566317527,1.196464749248776],[34.524228956700995,1.162254950505542],[34.49421695404919,1.167892831888651],[34.45369649469745,1.176575787142838],[34.40449307919221,1.182364424578509],[34.37844421253038,1.20841329124039],[34.303191929463935,1.22867352136592],[34.21417036307179,1.241629949762341],[34.23101688002498,1.265814520923414],[34.24279910679331,1.292376207096254],[34.248070102553186,1.320023097987587],[34.25716515504786,1.346352240163753],[34.268120557717566,1.399656480562101],[34.2425924012183,1.448697415553283],[34.229569940100646,1.465388901976212],[34.227812940914475,1.489263413875449],[34.22967329288815,1.555719305701359],[34.2452795745927,1.560551051889547],[34.26088585809583,1.562798977490786]]]}"
Buliisa,UG-419,"{""type"":""Polygon"",""coordinates"":[[[31.075539310079733,1.840648915907775],[31.096017547000145,1.866363001000053],[31.119112996000126,1.89536346400007],[31.183295125000086,1.976211243000122],[31.24282637600004,2.051167908000096],[31.271455119000052,2.102999370000077],[31.28009568067108,2.151441144093496],[31.309024692735363,2.155475979432879],[31.345673421391268,2.179557999102371],[31.365765415341627,2.192760525178073],[31.37175988061398,2.195861111501074],[31.398838331623665,2.205033678361531],[31.448551060183263,2.24164643053831],[31.496920199807334,2.2542038027633],[31.53112999855057,2.273453274049359],[31.545909457955077,2.277794093822365],[31.5492149143368,2.20899933874847],[31.539616082316343,2.14180751730305],[31.539616082316343,2.065016863837172],[31.573211993039024,2.021822121093976],[31.602008488201136,1.973827962790267],[31.630804983363248,1.949830884088044],[31.645203230045013,1.921034388925875],[31.635604398923874,1.897037310223652],[31.606807903761705,1.892237893763763],[31.578011408599593,1.86824081506154],[31.578011408599593,1.801048993616178],[31.5492149143368,1.757854250872981],[31.48202309289138,1.724258340150243],[31.41963068700659,1.729057756610189],[31.3614245946693,1.738188788281946],[31.360579854276807,1.790188882211112],[31.32696756330239,1.821000148338157],[31.075539310079733,1.840648915907775]]]}"
Bundibugyo,UG-401,"{""type"":""Polygon"",""coordinates"":[[[29.982194039923,0.849017102357379],[29.996390829000063,0.859948629000129],[30.038352092000082,0.878913879000081],[30.14511560000011,0.903150126000071],[30.154830770000046,0.90867950500008],[30.165682820000086,0.921443583000041],[30.183482538795875,0.954601915163732],[30.206228653229743,0.894990412977165],[30.25203494625572,0.852971503232254],[30.22681684721971,0.841034246833033],[30.209350212642164,0.818193263708167],[30.202425571383003,0.770134182446554],[30.19426069487514,0.761555893889408],[30.184752232129767,0.749670315232834],[30.17038618297596,0.714685370133736],[30.154883254058916,0.688795478428574],[30.142377556878728,0.661665351474767],[30.13297244602154,0.630814521472985],[30.11178510929534,0.608076890236305],[30.087187126984304,0.565082099159554],[30.06786014223178,0.517901516142047],[30.05762820817523,0.505447495805299],[30.04801639174309,0.49118480123758],[30.036544224236536,0.483846747029759],[30.02331505664455,0.478627428113327],[30.008535597239984,0.457595120118697],[29.99809695760848,0.43356557948789],[29.9781481087482,0.422849465730224],[29.972155389059935,0.416667384791992],[29.959442987204056,0.410207831526179],[29.946730584448915,0.405763658066348],[29.938979119990393,0.406848862784784],[29.932261183406865,0.410362861157125],[29.921254102994453,0.419974676689947],[29.912417432918176,0.429173081972124],[29.903908654760585,0.438229209110716],[29.92290694200011,0.460179748000115],[29.92608285600005,0.467073351000096],[29.940476928000066,0.498316956000082],[29.937996460000136,0.537280985000066],[29.91949629700008,0.618102925000116],[29.920013061000134,0.63867014500002],[29.93231205300009,0.723161113000074],[29.926834350000092,0.774889221000123],[29.928281290000086,0.78501780200007],[29.947298218000128,0.82460195000003],[29.960217326000077,0.832095032000069],[29.982194039923,0.849017102357379]]]}"
Bushenyi,UG-402,"{""type"":""Polygon"",""coordinates"":[[[29.942596470250862,-0.505033461225253],[29.945800409361368,-0.489737236983899],[29.94776411322323,-0.464467462003768],[29.943009881400883,-0.443125094747359],[29.91410086666167,-0.401741334794792],[29.945498532131523,-0.393891917977669],[29.984745615317877,-0.370343668425562],[30.02399269760491,-0.350720126832414],[30.055390363974084,-0.358569543649537],[30.090712738302216,-0.401741334794792],[30.137809237406373,-0.417440167529719],[30.21237869402148,-0.437063709122867],[30.283023442677745,-0.476310791409901],[30.326195233822943,-0.492009625044147],[30.326195233822943,-0.55872966484219],[30.31442110904692,-0.617600288722372],[30.247701068349613,-0.625449705539495],[30.165282194917324,-0.633299122356618],[30.126035112630348,-0.621524997580593],[30.114260987854266,-0.594052039170265],[30.106411571037142,-0.562654373700411],[30.082863321485092,-0.539106124148304],[30.051465656015182,-0.539106124148304],[30.02006798964601,-0.546955540066108],[29.984745615317877,-0.535181415290083],[29.942596470250862,-0.505033461225253]]]}"
Busia,UG-202,"{""type"":""Polygon"",""coordinates"":[[[34.13158774800007,0.569432983000056],[34.10750940000008,0.470721741000077],[34.10440881300008,0.462246806000081],[34.09738081800015,0.451808166000134],[34.080120890000046,0.431344300000077],[34.075676717000135,0.42224924700011],[34.07671024600012,0.403852438000101],[34.0879757080001,0.3673688760001],[34.08518518000005,0.347008362000068],[34.076606893000076,0.333779196000066],[34.04064009600012,0.305873921000085],[33.96026592363347,0.198677205788385],[33.959922316062034,0.198954576492497],[33.95134402840415,0.205879217751715],[33.93594445227461,0.224844469096979],[33.9045251805926,0.268045965748684],[33.881477491892724,0.31424469593594],[33.87703331933221,0.344217026794354],[33.88933231003807,0.369280097098795],[33.90607547420376,0.385661526058584],[33.91785770007277,0.403851630148608],[33.9149638202241,0.429276434759629],[33.89253624914858,0.473924872235045],[33.89470665858539,0.496042384948112],[33.930053337991126,0.543946438377418],[33.948760206917996,0.547718818268834],[33.95713178900087,0.564151923172687],[33.97635542186521,0.561516424843148],[33.99537234915459,0.561413072055643],[34.01201215963346,0.570663153281885],[34.029685499785955,0.576864325028566],[34.1265271336203,0.570353094919369],[34.131074659867636,0.569526271720065],[34.13158774800007,0.569432983000056]]]}"
Butaleja,UG-219,"{""type"":""Polygon"",""coordinates"":[[[33.90070112475706,0.927230536360128],[33.95465132030216,0.948211168410694],[34.00922163257229,0.994823309747915],[34.069166294289005,1.03404572183257],[34.0949011572626,1.031306870715525],[34.11608849488812,1.021901759858338],[34.111437615853276,1.002884833468272],[34.104306268119785,0.984488022903918],[34.101205681796785,0.941493231827167],[34.084979281568565,0.902322495686633],[34.06461876804167,0.900772202974792],[34.04787560387598,0.891573797692615],[34.03350955562149,0.879481513461087],[34.01614627473077,0.87255687130255],[33.99723270022889,0.872453518515044],[33.97904259613887,0.870179755391405],[33.94669315026863,0.848268948253349],[33.92343875509442,0.816797999727896],[33.87362267374738,0.705228583332428],[33.87269249865989,0.69334300377659],[33.865147738877,0.684558010543753],[33.85129845635868,0.688382066379233],[33.83744917204166,0.689622300728558],[33.822463006162764,0.723832099471792],[33.808303664382606,0.733392239060549],[33.7985884951629,0.742538967499343],[33.79083702980506,0.77426829754387],[33.77657433433802,0.808271388913454],[33.773370396126836,0.843308009956672],[33.77492068883868,0.879894923711731],[33.76654910675586,0.912244371380609],[33.742881301330954,0.936118883279846],[33.79063032423005,0.948831285135668],[33.84365034378834,0.938961086285076],[33.90070112475706,0.927230536360128]]]}"
Butambala,UG-119,"{""type"":""Polygon"",""coordinates"":[[[32.2305877005619,0.253012678092603],[32.264744005831176,0.267244471954825],[32.26759036460362,0.227395449140658],[32.247665853196565,0.207470938632923],[32.21920226547218,0.184700068453367],[32.170814167239996,0.153390121956534],[32.12811878565344,0.12777289300459],[32.076884328648816,0.136311969321923],[32.02564987074493,0.116387457914868],[31.988647207602526,0.076538436000021],[31.92602731460886,0.028150336868521],[31.855784970300135,-0.007351203994858],[31.81286990682071,0.041548163317088],[31.79347911337038,0.050107102960396],[31.843482911107458,0.079384794772466],[31.917488238291526,0.110694741269299],[31.965876337423026,0.133465610549479],[32.00287900146475,0.181853709680922],[32.06834525233148,0.218856372823325],[32.125272426881,0.233088166685548],[32.141281306287226,0.255768252103167],[32.160135531829326,0.257193914967218],[32.2305877005619,0.253012678092603]]]}"
Buvuma,UG-120,"{""type"":""Polygon"",""coordinates"":[[[33.426414845668546,-1.002573344084567],[33.273090047000096,-1.002573343999927],[33.08994877100014,-1.002573343999927],[32.90696252400011,-1.002573343999927],[32.8472253757505,-1.002573344084567],[32.8472253757505,-1.002470797988963],[32.8472253757505,-0.462102566080546],[33.013763868307876,-0.146986586361891],[33.07829837297152,0.091009832637667],[33.13339277415719,0.181708075267466],[33.174082878921695,0.221502996665947],[33.18531334733308,0.263047593171905],[33.192474805268034,0.298651434615977],[33.22502688907963,0.323919989216108],[33.27285498846692,0.350246361480401],[33.29494998485387,0.343080146131854],[33.38703738776519,0.302617498798497],[33.42620812390578,0.213734035897005],[33.42641482858147,-1.002470797988963],[33.426414845668546,-1.002573344084567]]]}"
Buyende,UG-226,"{""type"":""Polygon"",""coordinates"":[[[33.338771600029304,1.079262600088896],[33.320891555201115,1.057041733689061],[33.32233849512545,1.043605862320703],[33.328022902035286,1.029343166853664],[33.31572391132943,1.004280097448543],[33.30053103987558,0.979527086405881],[33.29722374887689,0.943715318107422],[33.25834293168094,0.962396213714271],[33.229399746301226,0.991339399993308],[33.183090649513815,1.028965540627212],[33.15704178195267,1.037648496780719],[33.133887234008625,1.055014408188356],[33.128098596572954,1.098429186257931],[33.113627003883096,1.138949645609671],[33.038374721716025,1.173681468425002],[32.96132693858732,1.181685288944891],[32.93114790215395,1.230881251768324],[32.921949496871775,1.263282375381323],[32.89869510259689,1.290929267171919],[32.89311404757524,1.311393134385639],[32.85116621215093,1.358181057210004],[32.8309989764216,1.401387641326551],[32.81136193240724,1.47520742398342],[32.96422081933531,1.473553778484074],[32.97920698431483,1.462443346183477],[32.99739708840491,1.465905666813057],[33.014243605358104,1.45996287748477],[33.068917271315,1.432083441697444],[33.104057245145725,1.407407945020623],[33.13330610469296,1.378520819780022],[33.20803257754142,1.368870776764936],[33.2878186380197,1.355369778292641],[33.33277713385763,1.368314724145193],[33.37825239363303,1.370614324791234],[33.39272179467508,1.354723822246569],[33.40502078628026,1.335526027803951],[33.41494266107492,1.299197496467286],[33.44253787602213,1.287570299329843],[33.43985070174847,1.259613349176732],[33.43158247155378,1.234601955715675],[33.41194542843874,1.209177151104655],[33.39840620338356,1.180651760170576],[33.38031945208104,1.155433661134566],[33.3653332862022,1.129388738899195],[33.367090285388315,1.114350897975555],[33.365229933414696,1.101070055338766],[33.338771600029304,1.079262600088896]]]}"
Dokolo,UG-318,"{""type"":""Polygon"",""coordinates"":[[[32.943343540072306,1.867173163310838],[32.94675418475782,1.927737941752582],[32.9127510915896,1.943163357203161],[32.86820600780101,1.949881292887369],[32.864278599177965,1.985202134770702],[32.87967817620682,2.028842881893468],[32.8880497582897,2.074705715296489],[32.92856408066774,2.071656805816929],[32.965461052785315,2.064835517345216],[32.998844028329245,2.043234768569675],[33.03346723822244,2.025225530733621],[33.06364627465581,2.033674628081599],[33.08586714015638,2.066282457269551],[33.118113234138434,2.078891506337925],[33.13619998544095,2.108037013996977],[33.15542361830529,2.104109605373992],[33.17340701682036,2.111499335525878],[33.21278445763659,2.091216335465504],[33.26218712693435,2.08168203429841],[33.27800011601255,2.062096666228172],[33.2912292818059,2.039462389577579],[33.28244428857306,1.9592864037445],[33.27696658723818,1.948821925691334],[33.267664829168496,1.941483873282095],[33.25577924961266,1.921097520434216],[33.2403796725838,1.903889268275123],[33.15046268090799,1.847975368868163],[33.137750278152794,1.842988593049142],[33.12906863770746,1.833221746985998],[33.122557406698945,1.800407213122355],[33.10219689317205,1.742917182581891],[33.09878624938585,1.728473619062243],[33.09454878060171,1.71705312749981],[33.079355910047184,1.708707383838657],[33.06333621629335,1.702532050513696],[33.026956008113245,1.70010325775911],[32.98933556468455,1.715451157944585],[33.02471983215452,1.81738946834929],[32.943343540072306,1.867173163310838]]]}"
Gomba,UG-121,"{""type"":""Polygon"",""coordinates"":[[[31.82144819537791,0.283032130728259],[31.847183058351447,0.275073960694726],[31.87054080631316,0.238125311733711],[31.888627556716358,0.227531643370639],[31.911468539841223,0.220968736418058],[31.930795526392387,0.222829088391734],[31.945161573747612,0.233577786385695],[31.967589145722457,0.228461819357449],[31.985572544237527,0.234507961473241],[31.99621788944404,0.245049953892249],[32.017301874282055,0.246393541029079],[32.141281306287226,0.255768252103167],[32.125272426881,0.233088166685548],[32.06834525233148,0.218856372823325],[32.00287900146475,0.181853709680922],[31.965876337423026,0.133465610549479],[31.917488238291526,0.110694741269299],[31.843482911107458,0.079384794772466],[31.79347911337038,0.050107102960396],[31.75643924257696,0.066456203990583],[31.69711469938386,0.075499578742551],[31.671689893873463,0.062477118524214],[31.648848910748598,0.047129218338739],[31.620736931863917,0.043150132872313],[31.591798129779818,0.049351305518314],[31.5179008318579,0.099477444328556],[31.439559359576776,0.142472236304627],[31.419095493262375,0.15120555269408],[31.396564569399345,0.186293850580739],[31.37992475802116,0.197197577306326],[31.3347595557089,0.200556545148402],[31.336831054109837,0.253012678092603],[31.37383371815156,0.267244471954825],[31.436453610245906,0.278629907044547],[31.499073502340252,0.298554418451658],[31.574951612826624,0.337550767054267],[31.618620569883376,0.335557081594004],[31.6556232339251,0.324171646504283],[31.723935843564334,0.301400777224103],[31.772811614464388,0.258055742478518],[31.82144819537791,0.283032130728259]]]}"
Gulu,UG-304,"{""type"":""Polygon"",""coordinates"":[[[32.51515262219573,3.135803738451784],[32.50347374911422,3.123969834840011],[32.484250116249825,3.12391815799657],[32.47401818219333,3.115830796753869],[32.53830366368311,3.030254624851068],[32.63876264777798,2.842333279357319],[32.65395551923183,2.822412014502845],[32.66635786272519,2.815797430706823],[32.67876020711782,2.804712835928626],[32.68847537633752,2.77975311931101],[32.70056766056905,2.756679592189414],[32.71948123507093,2.746938585447367],[32.7324003443004,2.732081610777698],[32.71679406079727,2.710325833270588],[32.69023237462437,2.702781073487756],[32.681447381391536,2.689810289213483],[32.6883720226507,2.672705389841838],[32.69333296094737,2.650536200285387],[32.68000044056788,2.633741360175634],[32.665220982062635,2.622140001459911],[32.663670689350795,2.603820706160661],[32.57210005127632,2.621959133407245],[32.486007113637356,2.607954820358657],[32.440045581438426,2.478426864508208],[32.39805382672273,2.468660996907488],[32.36239708805516,2.469617011316018],[32.343793572815116,2.487703761719217],[32.31165083162057,2.497522283726425],[32.28539920381019,2.514523831209829],[32.26989627489314,2.540620429389321],[32.265142043070796,2.560334987769465],[32.26317833830967,2.580307929467381],[32.267519158982,2.592658596117303],[32.20442787914328,2.597119798240101],[32.1763608717568,2.613492219590228],[32.1623273676139,2.643898145083313],[32.16934411923569,2.671965152469795],[32.1880554577931,2.697693243548315],[32.20108336250718,2.729452688290905],[32.213783548871675,2.763182928948993],[32.2161224660789,2.786572102820287],[32.19351850827252,2.952688299825184],[32.1763608717568,2.994735745058563],[32.17869978896408,3.05320867883745],[32.19975004472877,3.116359447030845],[32.21846138328618,3.14676537252393],[32.28161215147958,3.200560470988933],[32.319034828594454,3.252016652246709],[32.357444535936565,3.286692430211474],[32.386168247166836,3.265847479777335],[32.50946821528589,3.157895412743073],[32.51515262219573,3.135803738451784]]]}"
Hoima,UG-403,"{""type"":""Polygon"",""coordinates"":[[[30.55370445300008,1.335632478000093],[30.597284383000044,1.391673279000102],[30.68172367300008,1.500348816000042],[30.817012573000056,1.609515279000092],[30.954420207000112,1.720671285000094],[31.025837036000098,1.778238831000039],[31.075539310079733,1.840648915907775],[31.32696756330239,1.821000148338157],[31.360579854276807,1.790188882211112],[31.3614245946693,1.738188788281946],[31.3652486514041,1.725218004007672],[31.366488884854107,1.710903631697249],[31.37486046693698,1.699018053040732],[31.36349165221793,1.644861151920622],[31.37661746612315,1.607576606175428],[31.400078565973047,1.614811305797105],[31.422196078686056,1.61876455284181],[31.4292240736321,1.598042304109015],[31.441809556865564,1.459668020362813],[31.44638064984707,1.408131415432479],[31.46374393073779,1.389347032139824],[31.486584913862657,1.372035427193225],[31.51376671676053,1.361312568520191],[31.437802362189245,1.285451564937773],[31.408760207317698,1.27418610300623],[31.35150271987459,1.245350652810373],[31.317706333180695,1.235118720552521],[31.290524530282823,1.21351797087766],[31.247633091094258,1.220132555572945],[31.20990929487806,1.219512437049332],[31.194406365961015,1.200960597753351],[31.17425255710981,1.19212392857645],[31.146760694950103,1.194656073219221],[31.11988895041469,1.19289907493237],[31.097461379339165,1.161273098574611],[31.071416457103794,1.163391832067362],[31.05239952981441,1.166957506383824],[31.0137455576114,1.145821844702368],[30.967340121849134,1.139879055374081],[30.87172968237894,1.105346638336698],[30.805076124963193,1.124066067195258],[30.76952273908313,1.11099193013348],[30.743064405697737,1.081949775261933],[30.67549426914519,1.054325431273639],[30.5930753957129,1.042551306497614],[30.548140902780403,1.074198309904091],[30.55000125475408,1.161376451362116],[30.55370445300008,1.335632478000093]]]}"
Ibanda,UG-416,"{""type"":""Polygon"",""coordinates"":[[[30.62152143676485,-0.227220960678778],[30.561163363898117,-0.235179131611631],[30.503595818991812,-0.255901381243746],[30.484785597277494,-0.248408298304355],[30.462874790139438,-0.25290414770825],[30.452436151407255,-0.260965670529288],[30.448922153034914,-0.274194838121275],[30.44096398300138,-0.287268975183053],[30.425874465234358,-0.290266208718549],[30.415022413553515,-0.281016126592988],[30.40799441860753,-0.267838636743704],[30.323373194517274,-0.211647935903557],[30.297096794881156,-0.194199721240182],[30.282110629901638,-0.19239104610989],[30.271671991169455,-0.15363372201864],[30.249657831243894,-0.119889011268867],[30.278389926853606,-0.122214451235948],[30.306708612212674,-0.127692152570773],[30.38887413942996,-0.164640801531789],[30.41646935437717,-0.172754001196211],[30.439723748652057,-0.162883803244938],[30.464115025388082,-0.155907485142336],[30.446441685235584,-0.13322153074904],[30.42763146262189,-0.120819187255677],[30.415849236752877,-0.063820082231018],[30.400688756181125,-0.028337338097685],[30.428405628716746,0.019117666746922],[30.47486372158346,0.100355943471982],[30.505042758916147,0.114101874102175],[30.558984570981124,0.127360737308152],[30.59334745052439,0.144542177079813],[30.64409660367528,0.163416655354354],[30.667644853227387,0.120244864209099],[30.734364893025372,0.120244864209099],[30.688907504577628,0.033951728489455],[30.64017189481706,-0.013195216286192],[30.604849520488983,-0.072065840166374],[30.585225978895778,-0.138785880863736],[30.67009728376263,-0.166294447031134],[30.645189243089078,-0.179626966511307],[30.626999138999054,-0.199005629006592],[30.62152143676485,-0.227220960678778]]]}"
Iganga,UG-203,"{""type"":""Polygon"",""coordinates"":[[[33.56573449135368,0.450670477960159],[33.560566846582674,0.467930406063374],[33.544960564878124,0.481572983906062],[33.54030968584328,0.502243556694793],[33.542686801754485,0.523999335101223],[33.517055290669134,0.547512111794504],[33.51304296446119,0.6150779873592],[33.51304296446119,0.667175721582282],[33.455156593701815,0.699013225679835],[33.42042477088643,0.727956411059495],[33.42331908960426,0.768476871310554],[33.43779068229412,0.814785968097965],[33.42734500456828,0.87141998884141],[33.459797805024664,0.86893952104208],[33.47685102665355,0.863151760445362],[33.49297407409421,0.861188056583558],[33.53183475097296,0.880928453385422],[33.542066685029454,0.815196031071991],[33.555399203610364,0.79721263345624],[33.57741336443519,0.790959783966855],[33.622681918635635,0.77256297430182],[33.63053673678098,0.732927151067145],[33.63880496607629,0.706882228831773],[33.665986768974165,0.679958808352296],[33.668570591359696,0.639909573068337],[33.66154259641365,0.600067043359331],[33.64262902191183,0.5698363309819],[33.61751427566327,0.542292791978753],[33.60872928243043,0.502863674319087],[33.609556104730416,0.464416409489672],[33.60986616399225,0.453461005021381],[33.60883263521794,0.442247219033902],[33.56573449135368,0.450670477960159]]]}"
Isingiro,UG-417,"{""type"":""Polygon"",""coordinates"":[[[30.471785843000134,-1.066836591999916],[30.460828622942586,-1.063427549541814],[30.462978142926943,-1.055904228697216],[30.483648715715617,-1.023244723565142],[30.4984281760195,-0.987898044159408],[30.501218703080667,-0.971930027248959],[30.507936638764875,-0.956065362226695],[30.520649040620697,-0.944179782670858],[30.540906203158727,-0.91529265653088],[30.556719191337606,-0.909504896833539],[30.575942824201945,-0.885785413665928],[30.58875857884533,-0.859895521960766],[30.589998814093974,-0.805686943997273],[30.64017189481706,-0.813835701956066],[30.639504836179242,-0.726311943841154],[30.635474073869375,-0.683523857440093],[30.640951776103577,-0.664920343099368],[30.639608188966747,-0.646213474172498],[30.647463006212774,-0.612055352272705],[30.68839074064016,-0.61732634803252],[30.707407667929488,-0.613967380190445],[30.72869835834257,-0.604562270232577],[30.765181919310123,-0.605027358226039],[30.810657179085524,-0.625852959746283],[30.845693801028062,-0.658512464878356],[30.854065383110935,-0.679699801604556],[30.865330845042422,-0.695099378633415],[30.887345004967983,-0.690138442135378],[30.90904910743035,-0.689156589305185],[30.95318078006892,-0.693135674771611],[30.99731245270749,-0.692153821941361],[31.039480422383576,-0.681818535996626],[31.074930453677496,-0.652724705181015],[31.122266066325892,-0.681095065584827],[31.162780388703936,-0.718767184957642],[31.181073845581466,-0.742434991281812],[31.19006554528869,-0.770805351685624],[31.186241488553833,-0.796075127565075],[31.20050418492019,-0.840775241883932],[31.182830844767636,-0.863512872221293],[31.196163364247866,-0.884855237679062],[31.21900434737273,-0.899944757244782],[31.23977827294891,-0.920563653190072],[31.246909620682402,-0.946091810588598],[31.251043734880454,-0.971154879993719],[31.270060663069103,-0.991515394419935],[31.280395949013837,-1.002470797988963],[31.280492690884955,-1.002573344084567],[31.259156128000086,-1.002573343999927],[31.076118204000068,-1.002573343999927],[30.89297692800011,-1.002573343999927],[30.82838138800014,-1.002573343999927],[30.812465048000035,-0.9947185259999],[30.777118367000128,-0.98583017999988],[30.73949792500008,-1.005467223999915],[30.701567424000075,-1.017456155999881],[30.687098023000146,-1.025000914999922],[30.651337931000057,-1.062828063999902],[30.63862552900008,-1.073370055999959],[30.614544311000145,-1.065825296999918],[30.592736857000034,-1.063448180999956],[30.54230066000008,-1.068099059999923],[30.52369714300005,-1.072439880999909],[30.5116565350001,-1.073370055999959],[30.506023803000062,-1.070786233999868],[30.50085616000007,-1.06520517999985],[30.493414754000128,-1.060244241999897],[30.48101241100005,-1.059107360999889],[30.47295088700008,-1.065618590999861],[30.471785843000134,-1.066836591999916]]]}"
Jinja,UG-204,"{""type"":""Polygon"",""coordinates"":[[[33.181881951690684,0.684919744850333],[33.19852176306887,0.677581692441152],[33.221259393406285,0.671845607788555],[33.2728145243708,0.678752995554305],[33.307972445971586,0.648797919088679],[33.33432742656947,0.638100897938102],[33.358615349618674,0.622546292177617],[33.36719363817582,0.615518297231631],[33.37484174984684,0.607766831873789],[33.39716596903423,0.59464101796857],[33.404090610293395,0.576967677816072],[33.408948194903246,0.559035956144442],[33.437266880262314,0.547305406219493],[33.47013309096934,0.545238349570184],[33.49896854026588,0.525497951868999],[33.517055290669134,0.547512111794504],[33.542686801754485,0.523999335101223],[33.54030968584328,0.502243556694793],[33.544960564878124,0.481572983906062],[33.560566846582674,0.467930406063374],[33.56573449135368,0.450670477960159],[33.547854444726795,0.420698147101803],[33.522429998945256,0.396199131584638],[33.51290933869501,0.367637152632483],[33.50425419317645,0.346864804467145],[33.490405961066244,0.338209658948585],[33.477423243687724,0.336478629485157],[33.4635750106782,0.33301657145762],[33.41824995297293,0.307836819513625],[33.38703738776519,0.302617498798497],[33.29494998485387,0.343080146131854],[33.27285498846692,0.350246361480401],[33.21450759824705,0.369170555176993],[33.18364369569997,0.392269877552792],[33.18725630113738,0.428139553197809],[33.180745070128864,0.465243231789714],[33.157594027742164,0.494698797811282],[33.09857954291158,0.544204819896493],[33.084833612281386,0.561568100787213],[33.05062381443747,0.641976629717703],[33.04897016803881,0.663163967343223],[33.07501509027418,0.652001858199185],[33.096925897412234,0.666212876822783],[33.12782840335808,0.660476793069506],[33.13330610469296,0.681457424220753],[33.157904087004,0.679648749090461],[33.181881951690684,0.684919744850333]]]}"
Kaabong,UG-315,"{""type"":""Polygon"",""coordinates"":[[[33.52771634883044,3.771430572562849],[33.53260909000011,3.774292705000079],[33.60619632900011,3.848086650000127],[33.70190108200012,3.944075623000103],[33.81367720500015,4.056032614000031],[33.896049438000034,4.138353170000101],[33.97707808500007,4.219691875000095],[34.006016887000044,4.205713399000103],[34.02854781100007,4.188014221000088],[34.04105350800006,4.164811503000081],[34.03970992100005,4.13403818700003],[34.04095015500013,4.12042144800003],[34.04973514800008,4.109466044000058],[34.060897257000136,4.099259949000071],[34.06926883900013,4.088020325000031],[34.07236942600014,4.076418966000077],[34.07267948400005,4.064662577000078],[34.06978560300007,4.041356506000042],[34.06585819500009,4.027429708000057],[34.06151737500011,4.017921245000082],[34.06110396300011,4.007766825000118],[34.06895878100005,3.991876323000099],[34.08084436100006,3.980791728000085],[34.09552046700014,3.970999044000038],[34.10709598800008,3.959501037000095],[34.10957645600007,3.943352152000017],[34.09893111200006,3.917720642000049],[34.086218709000036,3.894672953000082],[34.08477176900004,3.87733551000008],[34.10802616400014,3.868938091000089],[34.12373579900009,3.872038676000045],[34.1634232990001,3.886198019000091],[34.18285363700005,3.886094666000062],[34.20497115100011,3.874544983000121],[34.20755497300007,3.860876567000105],[34.19670292200004,3.847389018000044],[34.14895389800006,3.822687683000126],[34.15081425000005,3.817209981000047],[34.16652388500006,3.811318868000043],[34.179029582000055,3.796100159000105],[34.15908247900012,3.783361919000043],[34.152467895000086,3.775636292000044],[34.16518029800005,3.770830383000131],[34.17365523300009,3.771398824000087],[34.19091516100008,3.775842997000012],[34.21055220500011,3.77713490800005],[34.23039595600011,3.782741801000071],[34.24093794700008,3.783620300000024],[34.24155806500005,3.778736878000089],[34.26377893000006,3.750056457000099],[34.27886844900007,3.709723002000132],[34.29044396900008,3.703160095000058],[34.295094848000076,3.707345886000084],[34.29943566900005,3.716931864000088],[34.309874309000065,3.726698710000051],[34.337056112000084,3.734579366000091],[34.35503951000004,3.72737050400012],[34.387492310000084,3.692747294000114],[34.40630253100011,3.682928772000054],[34.42500939900009,3.67719268800009],[34.439685506000046,3.667735901000128],[34.446403443000065,3.646703593000026],[34.44392297400009,3.566295065000062],[34.43451786300005,3.526219991000076],[34.41550093600006,3.49702280700005],[34.406199178000065,3.492294414000057],[34.395967244000076,3.489607239000037],[34.38687219200011,3.48562815300005],[34.38129113800011,3.476868998000072],[34.38211796000013,3.466042786000031],[34.39441695200014,3.444622904000099],[34.398551066000095,3.433641662000113],[34.39700077300006,3.424159037000052],[34.386975546000144,3.399664409000096],[34.383978312000124,3.388347270000025],[34.386562134000144,3.376384176000073],[34.39441695200014,3.365661316000057],[34.40382206200013,3.355403544000069],[34.411160116000076,3.344706523000056],[34.424079223000035,3.304812317000113],[34.43400109900011,3.182029114000059],[34.44485315000014,3.159136455000038],[34.46573042800014,3.14585561100003],[34.51285933400004,3.132368063000072],[34.53383996600013,3.118467102000082],[34.5455563430001,3.097500953000036],[34.545209587852185,3.09735647182373],[34.54489953038899,3.097227281513824],[34.52681277818715,3.085109157961256],[34.5081059101596,3.078727118161964],[34.48536827982224,3.087098700244837],[34.46335411989668,3.084928289908646],[34.42563032368048,3.076169135097473],[34.386252882864255,3.081672674854076],[34.3284786305843,3.082912909203401],[34.27731896299974,3.110378932941387],[34.15763634604053,3.197066147984344],[34.03619672989515,3.239363307970279],[33.906178826991265,3.243678290220885],[33.91331017382544,3.273650621079298],[33.90349165181823,3.296517441726564],[33.87496626178353,3.302692775950845],[33.845820754124475,3.290187078770657],[33.79507449679056,3.315405177806724],[33.74339806526848,3.353128974022923],[33.71528608638374,3.409611314210792],[33.67456505663205,3.457515366740779],[33.65544477655516,3.512344062328623],[33.62991662005595,3.563167833129],[33.56470096167999,3.655358587928504],[33.52935428227431,3.766902166801572],[33.52771634883044,3.771430572562849]]]}"
Kabale,UG-404,"{""type"":""Polygon"",""coordinates"":[[[30.065984342603315,-1.386944953546788],[30.060779663000062,-1.389733174999918],[30.047757202000128,-1.403169046999963],[30.03866215000005,-1.424976500999904],[30.028326863000075,-1.427146911999984],[29.960424032000105,-1.464767353999903],[29.938461548000134,-1.47293223099993],[29.917429240000047,-1.47520599399985],[29.897895548000122,-1.469624938999928],[29.880738973000064,-1.453605244999963],[29.871023804000117,-1.432417906999916],[29.86864668800007,-1.391283466999937],[29.864202514000056,-1.370302835999937],[29.836090536000142,-1.329478454999943],[29.82513513200007,-1.323897399999936],[29.825024114000087,-1.323880810999896],[29.821983677304843,-1.31516488994771],[29.77030724488344,-1.203285414290463],[29.79686893105628,-1.183183282282641],[29.766069776998563,-1.15925709354002],[29.73041303923037,-1.11879444710604],[29.727415805694875,-1.107839043537012],[29.742815382723734,-1.093266289707515],[29.754597608592746,-1.075644625499081],[29.7560445494164,-1.062828870855697],[29.766896600197924,-1.054508965616265],[29.77185753759528,-1.025001722751313],[29.826014438715333,-1.028257337805883],[29.84720177634091,-1.050168144943939],[29.86973270020394,-1.063965752417573],[29.882548455746644,-1.046757501157742],[29.900118443111637,-1.044122002828203],[29.93174441857002,-1.049961440268248],[30.06837690616925,-1.086703382754934],[30.076231724314596,-1.11569386078304],[30.088737419696145,-1.140188490306571],[30.122843865651873,-1.151040541088094],[30.159327426619427,-1.15372771626113],[30.179274529895622,-1.164321383724882],[30.177414177921946,-1.193518569126695],[30.209556919116494,-1.184888603726108],[30.23436160700254,-1.160807387151181],[30.264747349010918,-1.151453953137434],[30.2902755064095,-1.152590833799934],[30.290949658000102,-1.15262085699996],[30.28753584800006,-1.15543222999986],[30.284641968000074,-1.161426695999893],[30.282419882000113,-1.175792744999896],[30.280507853000074,-1.182407327999982],[30.269759156000077,-1.200494079999899],[30.2566850180001,-1.217237243999946],[30.212191610000104,-1.259508564999933],[30.196740356000134,-1.26870696999994],[30.189350627000124,-1.270877379999931],[30.18139245600014,-1.271497497999903],[30.173434286000088,-1.272841084999953],[30.165579468000146,-1.277491963999921],[30.158448120000116,-1.291134541999924],[30.15235030100007,-1.329891865999869],[30.147182658000077,-1.345084736999894],[30.136330607000104,-1.35521331799994],[30.09550622600011,-1.371129658999962],[30.065984342603315,-1.386944953546788]]]}"
Kabarole,UG-405,"{""type"":""Polygon"",""coordinates"":[[[29.832628214920135,0.336983133864521],[29.839604533000056,0.35848053000008],[29.851076701000125,0.377187399000064],[29.903908654760585,0.438229209110716],[29.912417432918176,0.429173081972124],[29.921254102994453,0.419974676689947],[29.932261183406865,0.410362861157125],[29.938979119990393,0.406848862784784],[29.946730584448915,0.405763658066348],[29.959442987204056,0.410207831526179],[29.972155389059935,0.416667384791992],[29.9781481087482,0.422849465730224],[29.99809695760848,0.43356557948789],[30.008535597239984,0.457595120118697],[30.02331505664455,0.478627428113327],[30.036544224236536,0.483846747029759],[30.04801639174309,0.49118480123758],[30.05762820817523,0.505447495805299],[30.06786014223178,0.517901516142047],[30.087187126984304,0.565082099159554],[30.11178510929534,0.608076890236305],[30.13297244602154,0.630814521472985],[30.142377556878728,0.661665351474767],[30.154883254058916,0.688795478428574],[30.17038618297596,0.714685370133736],[30.23985165243181,0.75212289505555],[30.286948151535967,0.78352056052546],[30.310496401088017,0.858090018039888],[30.357592900192174,0.818842934853535],[30.432162356807282,0.89341239236802],[30.471409439993636,0.944433599431079],[30.527160271629214,0.985934962828253],[30.545350375719238,0.929504299483824],[30.521785923081893,0.906921697878033],[30.501528762342502,0.881651922897902],[30.48581912605181,0.853023180075695],[30.48984988836162,0.845736802711258],[30.49512088412149,0.839742336539587],[30.482615186941302,0.806100979476639],[30.462874790139438,0.77716217739254],[30.440653923739546,0.761969305938692],[30.434866164042205,0.705693671325832],[30.42876834508303,0.67541128210496],[30.413265415266665,0.660786851432022],[30.396935663150316,0.640271308274237],[30.39817589660032,0.615001532394785],[30.41357547362918,0.599395249790916],[30.456260207242735,0.56807933179573],[30.442204217350707,0.563118394398373],[30.428148228358054,0.541207587260317],[30.416055943227207,0.528598538192],[30.390941196079325,0.51009837484014],[30.376265090361585,0.485345363797478],[30.379779086935287,0.46999746271274],[30.380502557347143,0.454597887482521],[30.365619745155072,0.423385321375463],[30.386497022619494,0.396720282415117],[30.389184197792474,0.370778712967194],[30.379055617422807,0.310885728093865],[30.361795689319592,0.227634996158145],[30.293272739045676,0.246083481767243],[30.268709942709677,0.263489317677852],[30.24377636039071,0.281157903114718],[30.216303402879703,0.300781444707923],[30.165282194917324,0.296856735849644],[30.137809237406373,0.343953234953801],[30.059315071932986,0.367501484505908],[29.953347948948647,0.343953234953801],[29.832628214920135,0.336983133864521]]]}"
Kaberamaido,UG-213,"{""type"":""Polygon"",""coordinates"":[[[32.97920698431483,1.462443346183477],[32.96422081933531,1.473553778484074],[32.96525434721036,1.562437242284886],[32.943343540072306,1.645584622332422],[32.979000277840555,1.664291490359972],[32.98933556468455,1.715451157944585],[33.026956008113245,1.70010325775911],[33.06333621629335,1.702532050513696],[33.079355910047184,1.708707383838657],[33.09454878060171,1.71705312749981],[33.09878624938585,1.728473619062243],[33.10219689317205,1.742917182581891],[33.122557406698945,1.800407213122355],[33.12906863770746,1.833221746985998],[33.137750278152794,1.842988593049142],[33.15046268090799,1.847975368868163],[33.2403796725838,1.903889268275123],[33.25577924961266,1.921097520434216],[33.267664829168496,1.941483873282095],[33.27696658723818,1.948821925691334],[33.28244428857306,1.9592864037445],[33.2912292818059,2.039462389577579],[33.33308719311947,2.038738918266461],[33.37122439958637,2.019308579827111],[33.37587527772189,1.998715522303485],[33.38435021259221,1.979956977432551],[33.4030570824184,1.970422675366137],[33.41638960099925,1.957710273510315],[33.41731977698612,1.917402654908585],[33.443778110371454,1.887430324949548],[33.45390669074118,1.866656399373312],[33.45659386591416,1.844383857029356],[33.43892052576166,1.812344469521634],[33.43871382018665,1.793560085329659],[33.43788699698729,1.773871365371178],[33.400975571865104,1.751833386901296],[33.35420151298939,1.71675284206998],[33.31327421113593,1.69921257010401],[33.25480663731645,1.69921257010401],[33.248959879394874,1.655361889739424],[33.24637413875547,1.615844835470796],[33.21472747889004,1.572018217366804],[33.20720340261494,1.462830918911777],[33.20803257754142,1.368870776764936],[33.13330610469296,1.378520819780022],[33.104057245145725,1.407407945020623],[33.068917271315,1.432083441697444],[33.014243605358104,1.45996287748477],[32.99739708840491,1.465905666813057],[32.97920698431483,1.462443346183477]]]}"
Kalangala,UG-101,"{""type"":""Polygon"",""coordinates"":[[[32.72226771788087,-1.002573344084567],[32.54083500200005,-1.002573343999927],[32.35764205000004,-1.002573343999927],[32.17455244900009,-1.002573343999927],[31.99141117300013,-1.002573343999927],[31.9861926609625,-1.002573344084567],[31.9861926609625,-1.002470797988963],[31.9861926609625,-0.773905938008625],[31.9861926609625,-0.413204440732386],[32.007276645800516,-0.397391452553506],[32.02836062973927,-0.384265638648287],[32.05202843606344,-0.37108814879906],[32.06784142424232,-0.350004163960989],[32.06525760275616,-0.323700860206543],[32.03590538862278,-0.311401868601365],[32.02949751220041,-0.294503675704107],[32.020815870855756,-0.278742363469291],[32.01265099524721,-0.267631931168694],[32.0097571135999,-0.260913994585167],[32.00872358572491,-0.253162530126701],[32.0062431170262,-0.246702975961568],[31.99869835814269,-0.244067477631972],[31.99022342327237,-0.244532565625434],[31.984332309888146,-0.244222507262918],[31.97947472527835,-0.240398450528062],[31.974513787880994,-0.230424899789284],[31.980094842003325,-0.204896741491439],[31.980508254052666,-0.189445488518516],[31.971413201557993,-0.182624200046803],[31.961387973975775,-0.183606051977733],[31.926661411295072,-0.195646661164517],[31.93544640542723,-0.155235690674601],[31.94030398913776,-0.140404554426652],[31.934412875753594,-0.139319349708217],[31.91984012192404,-0.134203382679971],[31.93565311010292,-0.126761976583964],[31.96304162037444,-0.149344578189755],[31.99756147568155,-0.158129570523272],[32.2481921733301,-0.158387952941666],[32.387511834303666,-0.159783216921937],[32.493138462270224,-0.163090508819948],[32.605021537913615,-0.163090508819948],[32.8472253757505,-0.163090508819948],[32.8472253757505,-0.462102566080546],[32.8472253757505,-1.002470797988963],[32.8472253757505,-1.002573344084567],[32.72387292500008,-1.002573343999927],[32.72226771788087,-1.002573344084567]]]}"
Kaliro,UG-220,"{""type"":""Polygon"",""coordinates"":[[[33.53183475097296,0.880928453385422],[33.49297407409421,0.861188056583558],[33.47685102665355,0.863151760445362],[33.459797805024664,0.86893952104208],[33.42734500456828,0.87141998884141],[33.39840620338356,0.884442449959067],[33.39220503073756,0.916275132791156],[33.409154901377576,0.985159817371652],[33.3933419131987,1.018284410497131],[33.382696567992184,1.033373928264155],[33.37360151459819,1.049341946073923],[33.359028761668014,1.067997138157409],[33.338771600029304,1.079262600088896],[33.365229933414696,1.101070055338766],[33.367090285388315,1.114350897975555],[33.3653332862022,1.129388738899195],[33.38031945208104,1.155433661134566],[33.39840620338356,1.180651760170576],[33.41194542843874,1.209177151104655],[33.43158247155378,1.234601955715675],[33.43985070174847,1.259613349176732],[33.44253787602213,1.287570299329843],[33.47251020688054,1.265091051410877],[33.49876183379155,1.238477688394596],[33.524186639301945,1.202820949727027],[33.53493533729596,1.200908921809287],[33.54930138465119,1.197033189130366],[33.57513960131155,1.175794176460045],[33.59632693893707,1.152074693292434],[33.61120975112908,1.117451484298556],[33.63291385269213,1.087634182171769],[33.61689415893824,1.063036199860733],[33.60542199143174,1.036474513687835],[33.59301964703906,1.013891912981364],[33.57617313008586,0.99358307539859],[33.53183475097296,0.880928453385422]]]}"
Kalungu,UG-122,"{""type"":""Polygon"",""coordinates"":[[[31.855784970300135,-0.007351203994858],[31.879945916271026,-0.034881280146976],[31.93565311010292,-0.126761976583964],[31.91984012192404,-0.134203382679971],[31.934412875753594,-0.139319349708217],[31.94030398913776,-0.140404554426652],[31.93544640542723,-0.155235690674601],[31.926661411295072,-0.195646661164517],[31.961387973975775,-0.183606051977733],[31.971413201557993,-0.182624200046803],[31.980508254052666,-0.189445488518516],[31.980094842003325,-0.204896741491439],[31.974513787880994,-0.230424899789284],[31.934566390926193,-0.24225374381524],[31.8918710102389,-0.26502461399474],[31.72108948479189,-0.262178255222295],[31.749553072516278,-0.228021949953018],[31.755245790061167,-0.205251079773518],[31.735321278654055,-0.165402057858671],[31.72678220233672,-0.119860317499672],[31.70970404970211,-0.07716493681238],[31.68693318042193,-0.023084120136048],[31.67270138655971,0.01107218423391],[31.648848910748598,0.047129218338739],[31.671689893873463,0.062477118524214],[31.69711469938386,0.075499578742551],[31.75643924257696,0.066456203990583],[31.79347911337038,0.050107102960396],[31.81286990682071,0.041548163317088],[31.855784970300135,-0.007351203994858]]]}"
Kampala,UG-102,"{""type"":""Polygon"",""coordinates"":[[[32.57912804532299,0.465191554946273],[32.59711144383806,0.466483466139039],[32.61220096160508,0.477748928070582],[32.618608839826095,0.495525621010586],[32.638039178265444,0.501210027920422],[32.65953657425348,0.503690497518448],[32.67162885938433,0.482038071899467],[32.66666792198697,0.459817206398952],[32.66305057082718,0.426227525280069],[32.66770144986202,0.393206284942096],[32.68609826042638,0.334605211261476],[32.66418745328832,0.287631333818979],[32.60738688709512,0.288444736435451],[32.547295363390276,0.273730374457216],[32.5235242042786,0.303340969210353],[32.54512495305414,0.343596910069323],[32.55897423737116,0.361166897434373],[32.56507205633034,0.388762112381585],[32.56341840993167,0.39615184253347],[32.556700474247464,0.401887926286747],[32.555563591786324,0.410569565832759],[32.55949100130863,0.417804267253132],[32.544401482642286,0.43010325795899],[32.53582319498446,0.442557278295737],[32.54905236167713,0.483433335879738],[32.56662234904218,0.476095282571237],[32.57912804532299,0.465191554946273]]]}"
Kamuli,UG-205,"{""type"":""Polygon"",""coordinates"":[[[33.29722374887689,0.943715318107422],[33.29712039608938,0.907386785871438],[33.29401980976638,0.88992015219327],[33.287715285232196,0.873435370445975],[33.28554487489606,0.858759263828972],[33.29112592991771,0.843721422006013],[33.28761193244469,0.83193919523768],[33.280583936599385,0.822327378805483],[33.27655317608816,0.799383042893112],[33.264254185382356,0.780882880440572],[33.25030154827783,0.772873033563656],[33.23748579273513,0.763467921807148],[33.22994103385162,0.747241523377568],[33.21898563028259,0.701404527496948],[33.221259393406285,0.671845607788555],[33.19852176306887,0.677581692441152],[33.181881951690684,0.684919744850333],[33.157904087004,0.679648749090461],[33.13330610469296,0.681457424220753],[33.12782840335808,0.660476793069506],[33.096925897412234,0.666212876822783],[33.07501509027418,0.652001858199185],[33.04897016803881,0.663163967343223],[33.05072716632566,0.708070787237034],[33.04617964007832,0.75576813419201],[33.03357059100995,0.798297838174676],[33.014243605358104,0.837003486321805],[32.96649458155969,0.911417548181305],[32.95440229732816,0.95007151948505],[32.93610883955131,1.082673244774412],[32.93931277776244,1.104222316706569],[32.9609135274373,1.121637275339992],[32.96535769999781,1.141170966566847],[32.96535769999781,1.163805243217382],[32.96132693858732,1.181685288944891],[33.038374721716025,1.173681468425002],[33.113627003883096,1.138949645609671],[33.128098596572954,1.098429186257931],[33.133887234008625,1.055014408188356],[33.15704178195267,1.037648496780719],[33.183090649513815,1.028965540627212],[33.229399746301226,0.991339399993308],[33.25834293168094,0.962396213714271],[33.29722374887689,0.943715318107422]]]}"
Kamwenge,UG-413,"{""type"":""Polygon"",""coordinates"":[[[30.428148228358054,0.541207587260317],[30.464486652237213,0.512224988192656],[30.47651366007733,0.469271388763559],[30.49197695587179,0.445217373083267],[30.523749626943697,0.430826728370789],[30.523956333418027,0.397133694464401],[30.535841912973865,0.361787014159347],[30.538529087247582,0.323598130849064],[30.55039385109535,0.297456991047284],[30.576166010752786,0.300893279001627],[30.631146618022,0.32494729468192],[30.67925464938253,0.355873886270842],[30.718771960857282,0.395391197745596],[30.75313484040055,0.409136349562857],[30.780625144035128,0.419445213425831],[30.809833591646907,0.410854493540057],[30.8338876073272,0.402263773654226],[30.862728609038072,0.412878639037956],[30.883713782664927,0.414290781494344],[30.90776779834522,0.412572637517201],[30.919794806185337,0.398827485699883],[30.918076662208193,0.359310174225129],[30.902613366413732,0.338692446499181],[30.91464037425385,0.312920286841745],[30.919794806185337,0.283711839229966],[30.909485942322362,0.264812255481218],[30.873404918801953,0.25793967957253],[30.861377910961778,0.242476383778069],[30.852787191076004,0.18577763253171],[30.80639730369262,0.18577763253171],[30.725644536765913,0.18577763253171],[30.68784536926836,0.184059488554567],[30.64409660367528,0.163416655354354],[30.59334745052439,0.144542177079813],[30.558984570981124,0.127360737308152],[30.505042758916147,0.114101874102175],[30.47486372158346,0.100355943471982],[30.428405628716746,0.019117666746922],[30.400688756181125,-0.028337338097685],[30.415849236752877,-0.063820082231018],[30.42763146262189,-0.120819187255677],[30.446441685235584,-0.13322153074904],[30.464115025388082,-0.155907485142336],[30.439723748652057,-0.162883803244938],[30.41646935437717,-0.172754001196211],[30.38887413942996,-0.164640801531789],[30.306708612212674,-0.127692152570773],[30.278389926853606,-0.122214451235948],[30.249657831243894,-0.119889011268867],[30.197981397923172,-0.097668144868976],[30.201805453758652,-0.08815968212366],[30.206559685581,-0.079271335203941],[30.23592694357359,0.132018988985124],[30.268709942709677,0.263489317677852],[30.293272739045676,0.246083481767243],[30.361795689319592,0.227634996158145],[30.379055617422807,0.310885728093865],[30.389184197792474,0.370778712967194],[30.386497022619494,0.396720282415117],[30.365619745155072,0.423385321375463],[30.380502557347143,0.454597887482521],[30.379779086935287,0.46999746271274],[30.376265090361585,0.485345363797478],[30.390941196079325,0.51009837484014],[30.416055943227207,0.528598538192],[30.428148228358054,0.541207587260317]]]}"
Kanungu,UG-414,"{""type"":""Polygon"",""coordinates"":[[[29.55151757200008,-0.990305308999964],[29.556521037000095,-0.981799417999881],[29.56034509300008,-0.972084247999945],[29.559156535000056,-0.95730478899992],[29.55528080200014,-0.938494567999911],[29.554660686000148,-0.928572691999918],[29.556004273000042,-0.919477640999943],[29.56716638200004,-0.90190765399997],[29.596725301000106,-0.891882425999952],[29.607990764000135,-0.878446553999908],[29.61078129100008,-0.863977152999965],[29.61336511200011,-0.80382578499993],[29.611091349000105,-0.782741799999897],[29.602203003000056,-0.743777770999912],[29.603029826000125,-0.722900491999937],[29.615535522000073,-0.644145608999935],[29.618842814000118,-0.638977965999928],[29.62442386800012,-0.634843851999918],[29.629281453000146,-0.629779560999935],[29.6305733640001,-0.622028095999923],[29.62824792500004,-0.616033629999905],[29.62049646000014,-0.605388284999904],[29.618842814000118,-0.599393818999971],[29.622873576000075,-0.588438414999899],[29.632175334000124,-0.585751240999883],[29.642820679000124,-0.585027770999972],[29.650882202000105,-0.579550068999893],[29.653052612000067,-0.565597431999905],[29.64974532000008,-0.504309182999947],[29.64509444200013,-0.488909606999954],[29.634614925000108,-0.466968118999944],[29.631865275000052,-0.461211038999934],[29.629384805864106,-0.442400817643602],[29.710052524804155,-0.43232472080922],[29.71087934710414,-0.490874118545719],[29.704781528144963,-0.549836927432239],[29.70881228955551,-0.582909844613653],[29.727209100119865,-0.609729913204944],[29.75098025923154,-0.614794202490486],[29.775784946218266,-0.61365732182793],[29.772891066369596,-0.643577975842902],[29.781986117964948,-0.670294691646689],[29.839531409147185,-0.758889786934105],[29.823430617229178,-0.840516859465481],[29.842654250093574,-0.862065932296957],[29.846478305929054,-0.884803561734998],[29.83314578644888,-0.903097018612527],[29.83025190570089,-0.923974297875532],[29.900118443111637,-1.044122002828203],[29.882548455746644,-1.046757501157742],[29.86973270020394,-1.063965752417573],[29.84720177634091,-1.050168144943939],[29.826014438715333,-1.028257337805883],[29.77185753759528,-1.025001722751313],[29.766896600197924,-1.054508965616265],[29.7560445494164,-1.062828870855697],[29.754597608592746,-1.075644625499081],[29.708088820042974,-1.055542493491316],[29.684007602568784,-1.056007581484721],[29.669228143164275,-1.050116468999875],[29.657755974758402,-1.043398532416347],[29.61631147639349,-1.027017103456558],[29.604012484788313,-1.026086927469748],[29.59512413876797,-1.021022638184206],[29.590369906945625,-1.009550469778389],[29.579931268213443,-1.002780857250798],[29.55151757200008,-0.990305308999964]]]}"
Kapchorwa,UG-206,"{""type"":""Polygon"",""coordinates"":[[[34.5600649320001,1.093149310000101],[34.54035119700012,1.089391988000074],[34.524021444000084,1.098642069000093],[34.507484984944085,1.102517801955003],[34.524228956700995,1.162254950505542],[34.52443566317527,1.196464749248776],[34.4984940937274,1.221734524228907],[34.431108025914625,1.258786525977371],[34.3284786305843,1.299972641923887],[34.30904829304427,1.321263333236232],[34.3139058767548,1.351261500717669],[34.329408806571166,1.377900702155671],[34.35493696486901,1.404204005910117],[34.38594282360242,1.424280300395537],[34.43317508256399,1.445622666752683],[34.46816808738731,1.41390990851545],[34.53184309558236,1.396543997107756],[34.56657491839775,1.37338944916371],[34.569469237115584,1.332868988912708],[34.54631468827222,1.274982618153274],[34.54841352696269,1.200392156972441],[34.54603641105149,1.149645901437168],[34.55730187388235,1.099313056152596],[34.55998904815601,1.093318589980925],[34.5600649320001,1.093149310000101]]]}"
Kasese,UG-406,"{""type"":""Polygon"",""coordinates"":[[[29.787204630000133,0.158492737000046],[29.79712650600004,0.164797261000061],[29.80064050200008,0.172445374000034],[29.832628214920135,0.336983133864521],[29.953347948948647,0.343953234953801],[30.059315071932986,0.367501484505908],[30.137809237406373,0.343953234953801],[30.165282194917324,0.296856735849644],[30.216303402879703,0.300781444707923],[30.24377636039071,0.281157903114718],[30.268709942709677,0.263489317677852],[30.23592694357359,0.132018988985124],[30.206559685581,-0.079271335203941],[30.184132113606154,-0.075550632155966],[30.13276574134585,-0.075498956211845],[30.004369156011705,-0.174108255191811],[29.9433199397634,-0.174717705957391],[29.835606701188283,-0.158409422456884],[29.761037244573174,-0.154484714497983],[29.68126198633185,-0.137897150061764],[29.694032023000148,-0.063095804999961],[29.709018188000073,-0.026302184999878],[29.71434086100004,-0.00749196299995],[29.713462362000087,0.011628316000042],[29.701628458000073,0.055243226000087],[29.703075399000113,0.072503154000074],[29.711808715000075,0.099581604000136],[29.75578535900013,0.160869853000094],[29.76126306200007,0.172135315000048],[29.773045288000105,0.16748443600008],[29.780383342000107,0.161179911000076],[29.787204630000133,0.158492737000046]]]}"
Katakwi,UG-207,"{""type"":""Polygon"",""coordinates"":[[[33.809027133895086,1.708319810211037],[33.846647577323836,1.735139878802329],[33.869901970699345,1.771313381407424],[33.868558383562515,1.810664984701248],[33.85171186660932,1.845443223326072],[33.863907505426994,1.871023057568038],[33.89698042170909,1.89668040617579],[33.89791059679658,1.916498318242759],[33.89222618988674,1.93737559750582],[33.89667036334657,1.982566637340426],[33.88912560356374,1.997759507894955],[33.889745721188035,2.014295966485633],[33.89512006973541,2.024553738064526],[33.90163130074393,2.034268907284229],[33.89956424319524,2.044785061281516],[33.89263960103676,2.05512034722625],[33.89088260274991,2.073956407362289],[33.89698042170909,2.091087144256278],[33.907109002078755,2.112713731453539],[33.90566206215442,2.135813096996799],[33.89584354014721,2.179557196007806],[33.884578078215725,2.192760525178073],[33.87848025925655,2.209477850922099],[33.886645134865034,2.25787282986721],[33.90566206215442,2.304304104051141],[34.16528445771155,2.142376003050117],[34.20290490114024,2.111370144316709],[34.21189659994809,2.062406723691311],[34.211844931198584,1.954637704666311],[34.21168989437308,1.631270250021998],[34.042191196066824,1.642329006378532],[33.99464887874274,1.635791937847671],[33.94483279829501,1.623286241566802],[33.89584354014721,1.638453273699611],[33.85656945211849,1.664058946363298],[33.810577426606926,1.668270574927078],[33.80540978363456,1.685659695138781],[33.809027133895086,1.708319810211037]]]}"
Kayunga,UG-112,"{""type"":""Polygon"",""coordinates"":[[[32.780252719987004,1.081226304850077],[32.79337853389222,1.182718817719262],[32.778495720800834,1.283591212964097],[32.776428664151524,1.305191961739638],[32.777358840138334,1.317439277400695],[32.776221957677194,1.330926824713174],[32.77270796110349,1.341727200449952],[32.766196730094975,1.346145535488063],[32.75668826734966,1.349401150542633],[32.74893680199182,1.363999741894588],[32.7381881039978,1.367255356949158],[32.71989464712027,1.377797349368166],[32.6907491385619,1.387925929737833],[32.687958612399996,1.470530707426178],[32.81136193240724,1.47520742398342],[32.8309989764216,1.401387641326551],[32.85116621215093,1.358181057210004],[32.89311404757524,1.311393134385639],[32.89869510259689,1.290929267171919],[32.921949496871775,1.263282375381323],[32.93114790215395,1.230881251768324],[32.96132693858732,1.181685288944891],[32.96535769999781,1.163805243217382],[32.96535769999781,1.141170966566847],[32.9609135274373,1.121637275339992],[32.93931277776244,1.104222316706569],[32.93610883955131,1.082673244774412],[32.95440229732816,0.95007151948505],[32.96649458155969,0.911417548181305],[33.014243605358104,0.837003486321805],[33.03357059100995,0.798297838174676],[33.04617964007832,0.75576813419201],[33.05072716632566,0.708070787237034],[33.04897016803881,0.663163967343223],[33.05062381443747,0.641976629717703],[33.084833612281386,0.561568100787213],[33.09857954291158,0.544204819896493],[33.044767027276464,0.571517671103607],[33.0316413617594,0.586999225833608],[32.98178807276133,0.645800539862989],[32.95110601852792,0.670023214399805],[32.89781613400737,0.692631044686948],[32.85859419136881,0.723418687422452],[32.82242068876377,0.782433173152413],[32.79265506437969,0.845271714717853],[32.77632531136402,0.962680569452687],[32.780252719987004,1.081226304850077]]]}"
Kibale,UG-407,"{""type"":""Polygon"",""coordinates"":[[[31.43811241965244,0.861498114046697],[31.424263137134062,0.836796779847475],[31.424676548284083,0.818038234976541],[31.41186079274138,0.806411037839098],[31.40204227073417,0.79163157843459],[31.39181033667768,0.737836412520437],[31.364318475417292,0.698820706010736],[31.318533156380056,0.717372545306716],[31.27481489399213,0.707709052031134],[31.21435346923721,0.622391262546728],[31.197817009747155,0.633036606853921],[31.179213495406486,0.631537990985464],[31.156579216957255,0.643681952060433],[31.129397414059383,0.647247626376839],[31.084736627093662,0.66857609011447],[31.036628596632397,0.680603097954588],[30.991956853226156,0.687475673863275],[30.937264439102535,0.697838853180542],[30.920107862887562,0.71298004779095],[30.9077055193942,0.735459295709916],[30.857889438946415,0.801760158804257],[30.81892540928021,0.835659898285655],[30.771899854994274,0.845375068404678],[30.727354771205682,0.867027493124283],[30.6324768412332,0.890385240186674],[30.545350375719238,0.929504299483824],[30.527160271629214,0.985934962828253],[30.541836379145536,1.049238593286418],[30.548140902780403,1.074198309904091],[30.5930753957129,1.042551306497614],[30.67549426914519,1.054325431273639],[30.743064405697737,1.081949775261933],[30.76952273908313,1.11099193013348],[30.805076124963193,1.124066067195258],[30.87172968237894,1.105346638336698],[30.967340121849134,1.139879055374081],[31.0137455576114,1.145821844702368],[31.05239952981441,1.166957506383824],[31.071416457103794,1.163391832067362],[31.097461379339165,1.161273098574611],[31.11988895041469,1.19289907493237],[31.146760694950103,1.194656073219221],[31.17425255710981,1.19212392857645],[31.194406365961015,1.200960597753351],[31.20990929487806,1.219512437049332],[31.247633091094258,1.220132555572945],[31.290524530282823,1.21351797087766],[31.319256625892535,1.192175605419834],[31.35015913273776,1.174864000473235],[31.37992475802116,1.166802475853558],[31.407416620180868,1.155537013922071],[31.448344353708933,1.095075588267775],[31.50343143081585,1.047584946887753],[31.52131147564404,1.027379462092483],[31.51903771341972,1.000869451863707],[31.50880578026255,0.985624905365057],[31.49299279118435,0.978183499269051],[31.476663039068,0.975134588890171],[31.468188104197623,0.961750393465877],[31.442970005161612,0.945368964506088],[31.427260369770238,0.926197008485133],[31.438215773339266,0.893847560816255],[31.43811241965244,0.861498114046697]]]}"
Kiboga,UG-103,"{""type"":""Polygon"",""coordinates"":[[[32.18369998536599,0.702438056271262],[32.13950422074316,0.682812849133654],[32.09109581941652,0.649676418232104],[32.07187218565281,0.635775457971022],[32.03134258828982,0.63442475090153],[31.97864790207899,0.642493394554492],[31.95342980304298,0.648487860726163],[31.9418542818496,0.656807765965596],[31.928211704006912,0.663474025705739],[31.919220005199065,0.674016018124746],[31.91735965322539,0.687813624699004],[31.835492548941943,0.803299380861745],[31.796136702646663,0.818657759947655],[31.741349573723824,0.81898987688129],[31.674664965415786,0.866061364940037],[31.71781382924479,0.920978100558898],[31.757040068844105,0.956281716827732],[31.80018893267311,0.979817460407446],[31.831569924712255,1.007275828216905],[31.843337796502112,1.054347316275596],[31.87471878854126,1.085728307415422],[31.95298948327803,1.10392457815675],[31.99952518134205,1.020971583871471],[32.001488885203855,1.002678126993942],[32.000558709217046,0.981697495842752],[32.0432434428306,0.909557196207629],[32.1073601530486,0.865656804917592],[32.16644005726283,0.8546251487316],[32.21920226547218,0.808052634221667],[32.22204862424462,0.759664535090224],[32.21066319005416,0.731200948265155],[32.18369998536599,0.702438056271262]]]}"
Kibuku,UG-227,"{""type"":""Polygon"",""coordinates"":[[[33.84365034378834,0.938961086285076],[33.79063032423005,0.948831285135668],[33.742881301330954,0.936118883279846],[33.706914504300926,0.970018621861925],[33.69544233589505,0.988828844475563],[33.69564904057074,1.037094631312186],[33.68024946534052,1.053217677853524],[33.63291385269213,1.087634182171769],[33.70985662648212,1.086851912285908],[33.77932027121352,1.11290077894779],[33.85457255427991,1.147632601763178],[33.90377596888584,1.167892831888651],[33.89798733234949,1.138949645609671],[33.886410058377464,1.121583734201977],[33.89509301363165,1.101323504975767],[33.91535324375718,1.089746230104424],[33.90088165106732,1.069486000878214],[33.866149828251935,1.05212008947052],[33.84878391684424,1.028965540627212],[33.84365034378834,0.938961086285076]]]}"
Kiryandongo,UG-420,"{""type"":""Polygon"",""coordinates"":[[[32.34679080635061,2.07266449616958],[32.35133833169863,2.050236925093998],[32.351855095636154,2.031375027435558],[32.34792768701311,2.019282742304711],[32.33428510917042,1.992746894553534],[32.33139122932175,1.979569402905611],[32.33418175638292,1.967451280252362],[32.341623163378244,1.962490342855006],[32.35247521326045,1.96008738942146],[32.36549767437816,1.95566905438335],[32.35154503817296,1.940915432501185],[32.34637739430127,1.933939114398584],[32.34441369043947,1.925257473053932],[32.344517043226915,1.903139960340866],[32.342656691253296,1.894509995839599],[32.337592401068434,1.887998764831138],[32.34151980969142,1.867896632823317],[32.32250288330141,1.856579494947709],[32.296561313853545,1.849835719942519],[32.27950809132534,1.843324489833321],[32.27578738827731,1.833376777516264],[32.27444380114048,1.820586860395281],[32.27051639161817,1.809476427195364],[32.25904422411162,1.804825548160522],[32.24881229005513,1.801957505834196],[32.24095747190978,1.796608994809276],[32.23279259630124,1.793818467748054],[32.22152713436975,1.798624376413841],[32.20912478997707,1.788004868729672],[32.162822707002306,1.778212185144241],[32.152590772945814,1.767282619996877],[32.14628624931095,1.757980861927251],[32.11548709525323,1.729093735787274],[32.104221633321686,1.715451157944585],[32.1117663922052,1.697131863544655],[32.101534458148706,1.665635077496802],[32.06755182275839,1.685863013866992],[32.02435708001519,1.681063598306423],[32.02435708001519,1.642668271123796],[31.99076116929251,1.637868855563227],[31.971563506150858,1.666665350725339],[31.933168179867607,1.676264181846477],[31.90437168470544,1.690662429427562],[31.90437168470544,1.729057756610189],[31.88997343712441,1.767453082893439],[31.865976358422188,1.810647824737316],[31.865976358422188,1.858641983041082],[31.875575189543326,1.921034388925875],[31.875575189543326,1.964229131669072],[31.85637752640173,1.993025626831184],[31.837179863260076,2.021822121093976],[31.808383368097964,2.031420953114491],[31.769988041814656,2.03622036867506],[31.750790378673003,2.060217448276603],[31.745990963112433,2.175403428025788],[31.755405714701965,2.298283800357069],[31.787755160572203,2.334276434909555],[31.803154737601062,2.346058660778567],[31.82175825374037,2.352440701477178],[31.862375928905976,2.35941701957978],[31.878912388395975,2.367168484038302],[31.8890409687657,2.36189748827843],[31.898549432410334,2.36112234102319],[31.908574659992553,2.361432400285025],[31.91984012192404,2.359727077942296],[31.930588819918057,2.353913478923914],[31.954876742967315,2.33667938924242],[31.976064080592835,2.327300115907633],[32.01606163903341,2.291462510986094],[32.0262935730899,2.288181057509803],[32.056989374360114,2.284615383193341],[32.06732466030479,2.280274563420335],[32.0917159361415,2.266942043040842],[32.12344526528676,2.25745941781787],[32.15672488804313,2.231543686791724],[32.17987593042983,2.230613511704178],[32.191141392361374,2.236220404248229],[32.20716108611521,2.252033393326428],[32.214085728273744,2.2573043890863],[32.22380089659407,2.259242255425761],[32.25904422411162,2.2573043890863],[32.26007775198667,2.256839301092839],[32.27661421057735,2.249087835734997],[32.292117140393714,2.230303453341662],[32.31030724538306,2.195861111501074],[32.32053917764091,2.125891222202142],[32.32767052627372,2.109897365970653],[32.338729281730934,2.094084376892454],[32.34679080635061,2.07266449616958]]]}"
Kisoro,UG-408,"{""type"":""Polygon"",""coordinates"":[[[29.825024114000087,-1.323880810999896],[29.816143432000104,-1.322553812999956],[29.80746179200014,-1.325137633999873],[29.798211711000135,-1.330925394999937],[29.789168335000056,-1.341674092999952],[29.783173869000052,-1.361414488999927],[29.77490563900011,-1.366272073999937],[29.76798099700011,-1.36379160499996],[29.74669030800004,-1.350872496999955],[29.734804728000086,-1.348185322999925],[29.71051680500011,-1.352526142999906],[29.693773641000064,-1.361207783999873],[29.678322388000083,-1.372369892999899],[29.657703491000063,-1.383945413999939],[29.639099976000125,-1.389009703999918],[29.618119344000092,-1.39055999699994],[29.577915080000082,-1.388389587999953],[29.58732019100006,-1.329685159999912],[29.5871134840001,-1.310564879999916],[29.583186076000118,-1.299299417999947],[29.571507202000134,-1.279248961999897],[29.57099043800008,-1.268603616999911],[29.580447225000057,-1.243282164999925],[29.581429077000053,-1.23480722999993],[29.575537964000034,-1.213206480999958],[29.565254354000047,-1.197910257999908],[29.557037801000035,-1.181787210999914],[29.556934448000106,-1.15770599299988],[29.569130087000076,-1.095900979999982],[29.57006026200014,-1.077917581999898],[29.56592614800013,-1.058590595999945],[29.55119836400013,-1.0201433309999],[29.54845951300007,-1.002573343999927],[29.551353394000046,-0.990584411999876],[29.55151757200008,-0.990305308999964],[29.579931268213443,-1.002780857250798],[29.590369906945625,-1.009550469778389],[29.59512413876797,-1.021022638184206],[29.604012484788313,-1.026086927469748],[29.61631147639349,-1.027017103456558],[29.657755974758402,-1.043398532416347],[29.669228143164275,-1.050116468999875],[29.684007602568784,-1.056007581484721],[29.708088820042974,-1.055542493491316],[29.754597608592746,-1.075644625499081],[29.742815382723734,-1.093266289707515],[29.727415805694875,-1.107839043537012],[29.73041303923037,-1.11879444710604],[29.766069776998563,-1.15925709354002],[29.79686893105628,-1.183183282282641],[29.77030724488344,-1.203285414290463],[29.821983677304843,-1.31516488994771],[29.825024114000087,-1.323880810999896]]]}"
Kitgum,UG-305,"{""type"":""Polygon"",""coordinates"":[[[33.44734297700012,3.744372051000056],[33.49064782700009,3.749746399000102],[33.52771634883044,3.771430572562849],[33.52935428227431,3.766902166801572],[33.56470096167999,3.655358587928504],[33.62991662005595,3.563167833129],[33.65544477655516,3.512344062328623],[33.67456505663205,3.457515366740779],[33.71528608638374,3.409611314210792],[33.74339806526848,3.353128974022923],[33.73481977671133,3.340623276842734],[33.72841190028896,3.327445786993451],[33.73471642392383,3.299488836840339],[33.71135867686144,3.272642930726647],[33.68138634600302,3.251429755578727],[33.65151736793217,3.250241197173523],[33.622888625109965,3.263160305503675],[33.58671512160555,3.270007432397051],[33.550024855062986,3.268741360525382],[33.52697716636311,3.265459906149715],[33.50485965275078,3.267268582179327],[33.488323195059365,3.280730291969405],[33.47054650211936,3.291091417235123],[33.38931115088889,3.299488836840339],[33.41669966026109,3.260059719180674],[33.35148400188518,3.262359319826714],[33.360048270011646,3.195982466717453],[33.31272667779393,3.191976020277082],[33.27293582492837,3.178152574381784],[33.21431407043798,3.18802332991271],[33.19049230557545,3.111204483600034],[33.15541176074413,3.017656365848609],[33.12762169778313,3.064774481956761],[33.095940504850375,3.091648392059653],[33.06451389470044,3.132502985524354],[32.98900484439804,3.17332349198557],[32.93147457818924,3.179642900299598],[32.92813365344534,3.108594177079624],[32.891667538426134,3.129360324419451],[32.837923617680815,3.16399323170225],[32.80040652793889,3.169238389040402],[32.782836540573896,3.179935411090355],[32.778295908529344,3.236909768570968],[32.778295908529344,3.277837070424425],[32.75783225715293,3.31876437227794],[32.75783225715293,3.365538431153652],[32.7695257720967,3.391848839552267],[32.86599726925857,3.397695596574522],[32.90400119260096,3.406465733007167],[32.927388222488446,3.424006004973137],[32.927388222488446,3.444469656349554],[32.93908173743222,3.467856686237042],[33.10863770186842,3.467856686237042],[33.12325459532332,3.482473579691941],[33.13494811026703,3.523400881545456],[33.15541176074413,3.535094396489171],[33.181722169142745,3.535094396489171],[33.22557285040671,3.485396958203069],[33.22557285040671,3.432776141405782],[33.281117045715064,3.429852762894654],[33.28404042422619,3.561404803988523],[33.27234690928242,3.6169490001962],[33.248959879394874,3.649106165617013],[33.24311312237268,3.681263331037883],[33.25188325880532,3.710497117947625],[33.263688243837755,3.753670389787187],[33.28652591900004,3.752536926000076],[33.44734297700012,3.744372051000056]]]}"
Koboko,UG-316,"{""type"":""Polygon"",""coordinates"":[[[30.98578780100013,3.69212717700006],[30.995968058000074,3.693522440000038],[31.00955896000005,3.699775289000044],[31.040358114000128,3.724218242000077],[31.049659871000074,3.727990621000103],[31.068676798000126,3.731737162000115],[31.051728674238916,3.664365186704003],[31.037108125939255,3.532780252906321],[31.048804564578973,3.424588195488809],[31.05374311695124,3.312976385951458],[31.01250532416134,3.340235704114434],[31.000102979768656,3.332432562812528],[30.98749393070034,3.320366116103344],[30.95628136639192,3.335223089873693],[30.93002973768222,3.359433499456429],[30.904932931000076,3.386035094000121],[30.910030152000047,3.393411560000089],[30.916334676000133,3.414805603000104],[30.91447432400014,3.426484477000074],[30.90444909700011,3.447465108000074],[30.902898804000074,3.458911438000086],[30.909616740000104,3.487178447000076],[30.909306681000146,3.496144307000108],[30.89638757300014,3.519967143000073],[30.88016117400008,3.514411927000069],[30.86124759900008,3.498211365000074],[30.83954349800007,3.490201518000092],[30.84378096600011,3.505911153000056],[30.865691773000094,3.548957621000056],[30.931734253000116,3.645101624000077],[30.93628177900007,3.656858012000072],[30.939382365000085,3.668407695000013],[30.944446655000093,3.679285583000066],[30.955505412000093,3.689000753000101],[30.96599572700012,3.692618103000086],[30.98578780100013,3.69212717700006]]]}"
Kole,UG-326,"{""type"":""Polygon"",""coordinates"":[[[32.776015252102184,2.447241116184557],[32.81105187404472,2.474862169553489],[32.795836180495314,2.418363731501017],[32.77537253001822,2.38035980815863],[32.760755635664054,2.342355884816243],[32.78414266555154,2.310198719395373],[32.80939822764606,2.256632595517885],[32.827691685422906,2.227021999865372],[32.821283807201894,2.208418483726007],[32.81280887233157,2.106745102804268],[32.7695257720967,2.120179103582757],[32.7490621216196,2.137719375548727],[32.711058198277215,2.140642754059854],[32.6905945469008,2.158183026925144],[32.67305427493483,2.178646677402241],[32.5999698076605,2.178646677402241],[32.549731005381545,2.180344297950967],[32.561764764432326,2.204904486253042],[32.579644810159834,2.227564602224618],[32.603002557222226,2.245780543837043],[32.5817118668092,2.363654486565281],[32.621296014099755,2.37466156697775],[32.6904390810987,2.463415839569336],[32.73260704897609,2.461503810752276],[32.776015252102184,2.447241116184557]]]}"
Kotido,UG-306,"{""type"":""Polygon"",""coordinates"":[[[33.55504440487539,3.195721684008504],[33.550024855062986,3.268741360525382],[33.58671512160555,3.270007432397051],[33.622888625109965,3.263160305503675],[33.65151736793217,3.250241197173523],[33.68138634600302,3.251429755578727],[33.71135867686144,3.272642930726647],[33.73471642392383,3.299488836840339],[33.72841190028896,3.327445786993451],[33.73481977671133,3.340623276842734],[33.74339806526848,3.353128974022923],[33.79507449679056,3.315405177806724],[33.845820754124475,3.290187078770657],[33.87496626178353,3.302692775950845],[33.90349165181823,3.296517441726564],[33.91331017382544,3.273650621079298],[33.906178826991265,3.243678290220885],[34.03619672989515,3.239363307970279],[34.15763634604053,3.197066147984344],[34.27731896299974,3.110378932941387],[34.3284786305843,3.082912909203401],[34.386252882864255,3.081672674854076],[34.33612674315464,2.996044827007154],[34.27452843593852,2.917780869991134],[34.25809533103467,2.877292385135434],[34.251687452813655,2.832773138869243],[34.226055942627625,2.724536850994866],[34.14440718024713,2.751822008478882],[34.10068891785926,2.748049627688147],[34.01131523091317,2.75613274233217],[33.9633210726094,2.722536831609489],[33.95062055799235,2.61689484322244],[33.871452264310506,2.659424547205106],[33.847371046836315,2.668545437222122],[33.84075646304029,2.832411404562663],[33.84240575672027,2.93287838273119],[33.71590620310877,2.994442857451872],[33.704744093964734,3.028988552080023],[33.6705342952215,3.053922431175238],[33.67849246615435,3.087589625760586],[33.67869654930627,3.178442193852163],[33.63776924745281,3.175518815341036],[33.60853546054307,3.190135708795935],[33.55504440487539,3.195721684008504]]]}"
Kumi,UG-208,"{""type"":""Polygon"",""coordinates"":[[[34.23453087659868,1.626516018199652],[34.22967329288815,1.555719305701359],[34.14689872769412,1.532576969651416],[34.08611803821685,1.520999694780073],[34.042703260147334,1.494950828118192],[34.048491896683686,1.431275819923144],[34.01954871130397,1.411015589797614],[33.99928848117844,1.39364967838992],[33.99928848117844,1.353129219038237],[34.002182799896275,1.295242848278804],[33.961662340544535,1.272088299435438],[33.92664269420493,1.246177476009677],[33.907729119703106,1.261008612257626],[33.879927199180884,1.265297756086568],[33.853572218583,1.272739163081894],[33.83434858571866,1.290309150446944],[33.81677859925293,1.310876370448113],[33.789183384305716,1.313563543822454],[33.78221458993136,1.387861041853569],[33.80536913877472,1.416804227233285],[33.84299527940857,1.431275819923144],[33.84878391684424,1.494950828118192],[33.84010096069079,1.590463340410793],[33.86036119081626,1.625195163226181],[33.89584354014721,1.638453273699611],[33.94483279829501,1.623286241566802],[33.99464887874274,1.635791937847671],[34.042191196066824,1.642329006378532],[34.21168989437308,1.631270250021998],[34.2248157082783,1.630443426822694],[34.23453087659868,1.626516018199652]]]}"
Kween,UG-228,"{""type"":""Polygon"",""coordinates"":[[[34.502834914399784,1.591841132362333],[34.52970665893514,1.584167182269653],[34.54334923677783,1.577681790582176],[34.55451134592187,1.569258530756599],[34.572391391649376,1.568328354769733],[34.590478142951895,1.569465237230929],[34.637275385450664,1.540856558283508],[34.68122195782706,1.513990587395654],[34.74220014831815,1.419448554207406],[34.72721398333863,1.368986517713608],[34.69527794771909,1.328084621707887],[34.67584760927974,1.31852448211913],[34.65476362534099,1.315268866165241],[34.62820193916815,1.304881903377122],[34.60370730964462,1.289068915198243],[34.570427686888195,1.248554591920879],[34.54841352696269,1.200392156972441],[34.54631468827222,1.274982618153274],[34.569469237115584,1.332868988912708],[34.56657491839775,1.37338944916371],[34.53184309558236,1.396543997107756],[34.46816808738731,1.41390990851545],[34.43317508256399,1.445622666752683],[34.45281212657835,1.487118841960978],[34.42139285669498,1.528330797228477],[34.37767459520637,1.557217922469135],[34.43317508256399,1.555331732973116],[34.502834914399784,1.591841132362333]]]}"
Kyankwanzi,UG-123,"{""type"":""Polygon"",""coordinates"":[[[31.822275017677896,1.357075099736051],[31.89593945324316,1.285142320461716],[31.93285417887722,1.221380522293259],[31.95298948327803,1.10392457815675],[31.87471878854126,1.085728307415422],[31.843337796502112,1.054347316275596],[31.831569924712255,1.007275828216905],[31.80018893267311,0.979817460407446],[31.757040068844105,0.956281716827732],[31.71781382924479,0.920978100558898],[31.674664965415786,0.866061364940037],[31.639361350046272,0.866061364940037],[31.5830131374463,0.845168361930348],[31.43811241965244,0.861498114046697],[31.438215773339266,0.893847560816255],[31.427260369770238,0.926197008485133],[31.442970005161612,0.945368964506088],[31.468188104197623,0.961750393465877],[31.476663039068,0.975134588890171],[31.49299279118435,0.978183499269051],[31.50880578026255,0.985624905365057],[31.51903771341972,1.000869451863707],[31.52131147564404,1.027379462092483],[31.50343143081585,1.047584946887753],[31.448344353708933,1.095075588267775],[31.407416620180868,1.155537013922071],[31.37992475802116,1.166802475853558],[31.35015913273776,1.174864000473235],[31.319256625892535,1.192175605419834],[31.290524530282823,1.21351797087766],[31.317706333180695,1.235118720552521],[31.35150271987459,1.245350652810373],[31.408760207317698,1.27418610300623],[31.437802362189245,1.285451564937773],[31.51376671676053,1.361312568520191],[31.670553013210963,1.341262112456491],[31.716234978561374,1.328291327282898],[31.76088341603679,1.323588772303992],[31.783000928749857,1.347747504143967],[31.802224561614196,1.353871161524864],[31.822275017677896,1.357075099736051]]]}"
Kyegegwa,UG-421,"{""type"":""Polygon"",""coordinates"":[[[31.008784621113364,0.206706040951019],[31.000723097393006,0.202313544334572],[30.93010367004831,0.189213920486054],[30.852787191076004,0.18577763253171],[30.861377910961778,0.242476383778069],[30.873404918801953,0.25793967957253],[30.909485942322362,0.264812255481218],[30.919794806185337,0.283711839229966],[30.91464037425385,0.312920286841745],[30.902613366413732,0.338692446499181],[30.918076662208193,0.359310174225129],[30.919794806185337,0.398827485699883],[30.90776779834522,0.412572637517201],[30.883713782664927,0.414290781494344],[30.88543192664207,0.462398812854929],[30.919794806185337,0.464116956832072],[30.919794806185337,0.555178587621697],[30.93010367004831,0.568923739439015],[30.952439541751403,0.572360027393358],[30.952439541751403,0.632495066594061],[30.935258101979798,0.641085786479834],[30.902613366413732,0.658267226251496],[30.890586358573557,0.678884953977445],[30.911204086299506,0.684039385908932],[30.937264439102535,0.697838853180542],[30.991956853226156,0.687475673863275],[31.036628596632397,0.680603097954588],[31.084736627093662,0.66857609011447],[31.129397414059383,0.647247626376839],[31.156579216957255,0.643681952060433],[31.179213495406486,0.631537990985464],[31.197817009747155,0.633036606853921],[31.21435346923721,0.622391262546728],[31.23998497942324,0.597844957079076],[31.253524203579104,0.566632391871394],[31.250216912580413,0.55112946205503],[31.243395624108757,0.536194973019576],[31.244119093621237,0.523947659157159],[31.230063103729208,0.51640290027359],[31.159886508855266,0.504362291086863],[31.137768996142256,0.485086982278403],[31.128880650121857,0.45206574104111],[31.10965701725752,0.417804267253132],[31.110690545132513,0.379305325580276],[31.120199008777206,0.362045396577798],[31.126400181423207,0.344837144418648],[31.11565148342919,0.33217641850689],[31.10180219911217,0.320187486163547],[31.080511508699146,0.289284980217644],[31.05498335130062,0.261224677277028],[31.026457961265862,0.238332017308721],[31.008784621113364,0.206706040951019]]]}"
Kyenjojo,UG-415,"{""type"":""Polygon"",""coordinates"":[[[30.456260207242735,0.56807933179573],[30.41357547362918,0.599395249790916],[30.39817589660032,0.615001532394785],[30.396935663150316,0.640271308274237],[30.413265415266665,0.660786851432022],[30.42876834508303,0.67541128210496],[30.434866164042205,0.705693671325832],[30.440653923739546,0.761969305938692],[30.462874790139438,0.77716217739254],[30.482615186941302,0.806100979476639],[30.49512088412149,0.839742336539587],[30.48984988836162,0.845736802711258],[30.48581912605181,0.853023180075695],[30.501528762342502,0.881651922897902],[30.521785923081893,0.906921697878033],[30.545350375719238,0.929504299483824],[30.6324768412332,0.890385240186674],[30.727354771205682,0.867027493124283],[30.771899854994274,0.845375068404678],[30.81892540928021,0.835659898285655],[30.857889438946415,0.801760158804257],[30.9077055193942,0.735459295709916],[30.920107862887562,0.71298004779095],[30.937264439102535,0.697838853180542],[30.911204086299506,0.684039385908932],[30.890586358573557,0.678884953977445],[30.902613366413732,0.658267226251496],[30.935258101979798,0.641085786479834],[30.952439541751403,0.632495066594061],[30.952439541751403,0.572360027393358],[30.93010367004831,0.568923739439015],[30.919794806185337,0.555178587621697],[30.919794806185337,0.464116956832072],[30.88543192664207,0.462398812854929],[30.883713782664927,0.414290781494344],[30.862728609038072,0.412878639037956],[30.8338876073272,0.402263773654226],[30.809833591646907,0.410854493540057],[30.780625144035128,0.419445213425831],[30.75313484040055,0.409136349562857],[30.718771960857282,0.395391197745596],[30.67925464938253,0.355873886270842],[30.631146618022,0.32494729468192],[30.576166010752786,0.300893279001627],[30.55039385109535,0.297456991047284],[30.538529087247582,0.323598130849064],[30.535841912973865,0.361787014159347],[30.523956333418027,0.397133694464401],[30.523749626943697,0.430826728370789],[30.49197695587179,0.445217373083267],[30.47651366007733,0.469271388763559],[30.464486652237213,0.512224988192656],[30.428148228358054,0.541207587260317],[30.442204217350707,0.563118394398373],[30.456260207242735,0.56807933179573]]]}"
Lamwo,UG-327,"{""type"":""Polygon"",""coordinates"":[[[32.99724125100005,3.885526225000106],[33.017240031000085,3.877180481000039],[33.1434855550001,3.774085999000121],[33.164466186000084,3.76305308000012],[33.19542036900009,3.757058614000101],[33.263688243837755,3.753670389787187],[33.25188325880532,3.710497117947625],[33.24311312237268,3.681263331037883],[33.248959879394874,3.649106165617013],[33.27234690928242,3.6169490001962],[33.28404042422619,3.561404803988523],[33.281117045715064,3.429852762894654],[33.22557285040671,3.432776141405782],[33.22557285040671,3.485396958203069],[33.181722169142745,3.535094396489171],[33.15541176074413,3.535094396489171],[33.13494811026703,3.523400881545456],[33.12325459532332,3.482473579691941],[33.10863770186842,3.467856686237042],[32.93908173743222,3.467856686237042],[32.927388222488446,3.444469656349554],[32.927388222488446,3.424006004973137],[32.90400119260096,3.406465733007167],[32.86599726925857,3.397695596574522],[32.7695257720967,3.391848839552267],[32.75783225715293,3.365538431153652],[32.75783225715293,3.31876437227794],[32.778295908529344,3.277837070424425],[32.778295908529344,3.236909768570968],[32.782836540573896,3.179935411090355],[32.73558204137811,3.170214917884152],[32.680061696989696,3.13669320033091],[32.51515262219573,3.135803738451784],[32.50946821528589,3.157895412743073],[32.386168247166836,3.265847479777335],[32.357444535936565,3.286692430211474],[32.320229120177714,3.313699856363257],[32.2686560396445,3.373902900498422],[32.25656375541297,3.406148993581155],[32.21687625533491,3.446069036756626],[32.2112952003132,3.466145331242046],[32.200753207894195,3.48257843704522],[32.196102328859354,3.50128530507277],[32.17592855775672,3.527233818186176],[32.1789966230001,3.541361185000085],[32.179203328000085,3.556864115000096],[32.1748625080001,3.592650045000127],[32.175947713000085,3.605594991000132],[32.18778161600011,3.619160054000119],[32.371801391000076,3.731065369000135],[32.41557133000009,3.74129730300011],[32.59928104700009,3.756283468000092],[32.75642907700012,3.769021708000054],[32.8403516030001,3.794291484000027],[32.91889978100005,3.834159851000052],[32.97956791200005,3.879195862000088],[32.99724125100005,3.885526225000106]]]}"
Lira,UG-307,"{""type"":""Polygon"",""coordinates"":[[[32.81105187404472,2.474862169553489],[32.82293745270124,2.515970771134164],[32.77529178169033,2.578602607124594],[32.806297642222376,2.60185700139948],[32.82221398318876,2.63772044474274],[32.83523644430642,2.638056342426239],[32.846605259025466,2.622630926975717],[32.86551883262803,2.613794256899439],[32.88939334542653,2.611107083525098],[32.90820356624158,2.59916982712582],[32.934661899626974,2.590333157049542],[32.94820112468216,2.540672105333385],[32.96814822795835,2.53845001905313],[32.98251427621284,2.52416148516437],[33.01465701740739,2.533230699237379],[33.012166204706546,2.506065092230187],[32.9975493112517,2.473907926809375],[32.96539214493151,2.453444275432958],[32.96539214493151,2.424210488523215],[32.93908173743222,2.394976701613473],[32.89523105616831,2.377436429647503],[32.88938429914606,2.354049399759958],[32.9332349795107,2.354049399759958],[32.96831552434196,2.342355884816243],[32.9829324177968,2.307275339984926],[33.02093634113919,2.278041553075184],[33.05894026358226,2.257577902598143],[33.079403914958675,2.222497357766827],[33.08586714015638,2.066282457269551],[33.06364627465581,2.033674628081599],[33.03346723822244,2.025225530733621],[32.998844028329245,2.043234768569675],[32.965461052785315,2.064835517345216],[32.92856408066774,2.071656805816929],[32.8880497582897,2.074705715296489],[32.867585890176656,2.082431342232667],[32.84567508303866,2.081242783827406],[32.82810509567361,2.091681423458908],[32.81280887233157,2.106745102804268],[32.821283807201894,2.208418483726007],[32.827691685422906,2.227021999865372],[32.80939822764606,2.256632595517885],[32.78414266555154,2.310198719395373],[32.760755635664054,2.342355884816243],[32.77537253001822,2.38035980815863],[32.795836180495314,2.418363731501017],[32.81105187404472,2.474862169553489]]]}"
Luuka,UG-229,"{""type"":""Polygon"",""coordinates"":[[[33.221259393406285,0.671845607788555],[33.21898563028259,0.701404527496948],[33.22994103385162,0.747241523377568],[33.23748579273513,0.763467921807148],[33.25030154827783,0.772873033563656],[33.264254185382356,0.780882880440572],[33.27655317608816,0.799383042893112],[33.280583936599385,0.822327378805483],[33.28761193244469,0.83193919523768],[33.29112592991771,0.843721422006013],[33.28554487489606,0.858759263828972],[33.287715285232196,0.873435370445975],[33.29401980976638,0.88992015219327],[33.29712039608938,0.907386785871438],[33.29722374887689,0.943715318107422],[33.30053103987558,0.979527086405881],[33.31572391132943,1.004280097448543],[33.328022902035286,1.029343166853664],[33.32233849512545,1.043605862320703],[33.320891555201115,1.057041733689061],[33.338771600029304,1.079262600088896],[33.359028761668014,1.067997138157409],[33.37360151459819,1.049341946073923],[33.382696567992184,1.033373928264155],[33.3933419131987,1.018284410497131],[33.409154901377576,0.985159817371652],[33.39220503073756,0.916275132791156],[33.39840620338356,0.884442449959067],[33.42734500456828,0.87141998884141],[33.43779068229412,0.814785968097965],[33.42331908960426,0.768476871310554],[33.42042477088643,0.727956411059495],[33.455156593701815,0.699013225679835],[33.51304296446119,0.667175721582282],[33.51304296446119,0.6150779873592],[33.517055290669134,0.547512111794504],[33.49896854026588,0.525497951868999],[33.47013309096934,0.545238349570184],[33.437266880262314,0.547305406219493],[33.408948194903246,0.559035956144442],[33.404090610293395,0.576967677816072],[33.39716596903423,0.59464101796857],[33.37484174984684,0.607766831873789],[33.36719363817582,0.615518297231631],[33.358615349618674,0.622546292177617],[33.33432742656947,0.638100897938102],[33.307972445971586,0.648797919088679],[33.2728145243708,0.678752995554305],[33.221259393406285,0.671845607788555]]]}"
Luweero,UG-104,"{""type"":""Polygon"",""coordinates"":[[[32.67493408014366,1.144567667264027],[32.702392447953116,1.117109299454569],[32.7261991716544,1.075180161834965],[32.780252719987004,1.081226304850077],[32.77632531136402,0.962680569452687],[32.79265506437969,0.845271714717853],[32.78869017561112,0.752305269472572],[32.77299967959152,0.654239670024765],[32.75338655934223,0.587555062616048],[32.67018191856067,0.556452135557606],[32.62449995321026,0.556142076295771],[32.579851514835525,0.571438300537125],[32.54161095558112,0.543119615178114],[32.5041972186267,0.552886461241201],[32.45489790211644,0.55247304919186],[32.3604333841933,0.563273424029262],[32.345343866426276,0.556348781870781],[32.33035769964812,0.546116847814289],[32.334905225895454,0.585339259898888],[32.3538188012966,0.621151028197403],[32.36901167185118,0.636912340432161],[32.38740848241554,0.649676418232104],[32.41076622857855,0.654172268535376],[32.43505415162775,0.655257473253755],[32.454794549328994,0.653345445336015],[32.46585330568547,0.663835760911638],[32.4768087092545,0.682594305782573],[32.48983117037221,0.698200588386442],[32.485800408961666,0.714943752552131],[32.472571242269,0.725899156121159],[32.46399295371185,0.742849025861858],[32.463112385228385,0.866061364940037],[32.41211827383927,0.944513844138612],[32.40035040204941,1.007275828216905],[32.406011996756206,1.090424709232934],[32.46874718643346,1.016837470572796],[32.55969770688364,0.976271471351311],[32.62393996875454,0.968049588617589],[32.6200173445248,1.019043700006762],[32.62786259208491,1.081805684085055],[32.63989953023912,1.13579661712015],[32.67493408014366,1.144567667264027]]]}"
Lwengo,UG-124,"{""type"":""Polygon"",""coordinates"":[[[31.278225538677646,-0.260862318641102],[31.333984695337392,-0.293488201719128],[31.41671837735123,-0.307319431246754],[31.438525831701725,-0.30995492867703],[31.460539991627286,-0.314915866973706],[31.5166605966092,-0.313675631725062],[31.585183546883172,-0.303133640205317],[31.604388776021153,-0.296334560491573],[31.607235134793598,-0.262178255222295],[31.72108948479189,-0.262178255222295],[31.69547225583989,-0.287795484174239],[31.69547225583989,-0.33618358240642],[31.661315951469987,-0.356108093813475],[31.618620569883376,-0.378878963993031],[31.612927852338487,-0.401649834172531],[31.630006004973154,-0.435806138542489],[31.62146692865582,-0.469962443811767],[31.59869605847632,-0.495579672763711],[31.564539754106363,-0.512657824499001],[31.526630599522548,-0.514554684451127],[31.50476621988514,-0.535428694678501],[31.496227143567808,-0.586663152582446],[31.459224480425405,-0.603741305217056],[31.412584263153178,-0.586940606024143],[31.34537013042717,-0.561045923630502],[31.27990387866106,-0.515504183271446],[31.236987745887745,-0.464105726797868],[31.222976704111602,-0.421574344680266],[31.234362139201323,-0.376032605220587],[31.25144029183599,-0.330490864861531],[31.260862257786926,-0.279517510724531],[31.267476840683628,-0.26835540068123],[31.278225538677646,-0.260862318641102]]]}"
Lyantonde,UG-116,"{""type"":""Polygon"",""coordinates"":[[[31.113274366618725,-0.02743987405097],[31.136735467367885,-0.031935722555545],[31.190478957337973,-0.0496090627081],[31.19368289644848,-0.067127374129029],[31.246599562319943,-0.092500501896666],[31.259518669750776,-0.057877292003411],[31.28773400232234,-0.075964044205307],[31.309024692735363,-0.100406995986077],[31.304787224850543,-0.128105563720794],[31.309644810359714,-0.142574964762844],[31.310988396597224,-0.157561129742362],[31.307164340761688,-0.184691256696169],[31.29682905391769,-0.20861744453947],[31.28928429503418,-0.236264337229386],[31.278225538677646,-0.260862318641102],[31.267476840683628,-0.26835540068123],[31.260862257786926,-0.279517510724531],[31.25144029183599,-0.330490864861531],[31.234362139201323,-0.376032605220587],[31.222976704111602,-0.421574344680266],[31.236987745887745,-0.464105726797868],[31.22866942165649,-0.52404325958878],[31.18597404006988,-0.532582335906113],[31.134776844675628,-0.528415373071027],[31.147897577411243,-0.492682793676011],[31.139629347216555,-0.456199232708457],[31.120819126401557,-0.423798109994777],[31.092810500304324,-0.344113050576823],[31.07503380736432,-0.311040134294785],[31.065525343719628,-0.276261894770641],[31.064388462157808,-0.210736178931541],[31.084232211747178,-0.127537122939884],[31.077617628850476,-0.044441419735733],[31.099528435988532,-0.036638278433827],[31.113274366618725,-0.02743987405097]]]}"
Manafwa,UG-221,"{""type"":""Polygon"",""coordinates"":[[[34.463346175433365,0.999992276520293],[34.46304325400013,0.978080953000131],[34.45715214100011,0.95761708600007],[34.431210571000065,0.893538310000068],[34.40237512200014,0.856072896000086],[34.38800907400014,0.815816955000045],[34.37085249800015,0.800210673],[34.30667037000012,0.768067932000065],[34.298402140000064,0.759282938000084],[34.29625187562357,0.746745807173227],[34.2958191263516,0.746931464115789],[34.229569940100646,0.775353502262305],[34.16373416499971,0.828063463458079],[34.19422325979559,0.856640530336222],[34.20414513459025,0.900565497399782],[34.21231001199743,0.922631334168727],[34.2248157082783,0.942630113388987],[34.260369094158364,0.959683335917191],[34.25964562374651,0.978183499269051],[34.26357303236955,0.999164130420297],[34.32958251422161,1.000034167842557],[34.32958251422161,0.986375442672511],[34.34714373319673,0.986375442672511],[34.34909497964958,1.007839153654004],[34.44080356563205,1.007839153654004],[34.463346175433365,0.999992276520293]]]}"
Maracha,UG-320,"{""type"":""Polygon"",""coordinates"":[[[30.763415783000085,3.12343695000007],[30.804196818000094,3.246004537000132],[30.82212854000005,3.281402893000063],[30.82574589000012,3.283676656000083],[30.837786499000117,3.286415507000115],[30.842437377000067,3.288740946000061],[30.845641317000116,3.293908589000054],[30.84688155100008,3.304398906000102],[30.848690226000144,3.309256490000038],[30.86848230000004,3.343337097000088],[30.89731774900008,3.375014750000091],[30.904932931000076,3.386035094000121],[30.93002973768222,3.359433499456429],[30.95628136639192,3.335223089873693],[30.98749393070034,3.320366116103344],[31.000102979768656,3.332432562812528],[31.01250532416134,3.340235704114434],[31.05374311695124,3.312976385951458],[31.027952459138646,3.26605015638961],[31.020935706617536,3.214593975131834],[30.992868698331733,3.184188049638749],[30.95076818680235,3.156121041352947],[30.915767043114556,3.117226059834763],[30.80765994644935,3.12203196939987],[30.763415783000085,3.12343695000007]]]}"
Masaka,UG-105,"{""type"":""Polygon"",""coordinates"":[[[31.896689081336035,-0.773905938008625],[31.859895461106646,-0.771270439679085],[31.828269483849567,-0.763363945589617],[31.809872674184533,-0.75550912744427],[31.772975702066958,-0.742331637594987],[31.751891717228943,-0.731944674806925],[31.728533970166552,-0.703677667190618],[31.707656690903548,-0.657582288891547],[31.690190057225323,-0.637583509671231],[31.67644412569581,-0.612107029116089],[31.67799441930697,-0.586475518030738],[31.684815707778682,-0.579912611078157],[31.688743117300987,-0.572367852194645],[31.68088829915564,-0.546374606802658],[31.689673293287854,-0.520278008623222],[31.660217726366966,-0.477024835128077],[31.62146692865582,-0.469962443811767],[31.630006004973154,-0.435806138542489],[31.612927852338487,-0.401649834172531],[31.618620569883376,-0.378878963993031],[31.661315951469987,-0.356108093813475],[31.69547225583989,-0.33618358240642],[31.69547225583989,-0.287795484174239],[31.72108948479189,-0.262178255222295],[31.8918710102389,-0.26502461399474],[31.934566390926193,-0.24225374381524],[31.974513787880994,-0.230424899789284],[31.97947472527835,-0.240398450528062],[31.984332309888146,-0.244222507262918],[31.99022342327237,-0.244532565625434],[31.99869835814269,-0.244067477631972],[32.0062431170262,-0.246702975961568],[32.00872358572491,-0.253162530126701],[32.0097571135999,-0.260913994585167],[32.01265099524721,-0.267631931168694],[32.020815870855756,-0.278742363469291],[32.02949751220041,-0.294503675704107],[32.03590538862278,-0.311401868601365],[32.06525760275616,-0.323700860206543],[32.06784142424232,-0.350004163960989],[32.05202843606344,-0.37108814879906],[32.02836062973927,-0.384265638648287],[32.007276645800516,-0.397391452553506],[31.9861926609625,-0.413204440732386],[31.9861926609625,-0.773905938008625],[31.896689081336035,-0.773905938008625]]]}"
Masindi,UG-409,"{""type"":""Polygon"",""coordinates"":[[[32.104221633321686,1.647806707713357],[32.08654829316919,1.629719957310158],[32.06918501227847,1.587603665376832],[32.040452914870116,1.550990912300733],[32.01833540215705,1.537400011301486],[31.994770948620385,1.528356634750878],[31.959527622002156,1.475930894395276],[31.924801060220716,1.445235094024383],[31.883976677681517,1.420792141344236],[31.822275017677896,1.357075099736051],[31.802224561614196,1.353871161524864],[31.783000928749857,1.347747504143967],[31.76088341603679,1.323588772303992],[31.716234978561374,1.328291327282898],[31.670553013210963,1.341262112456491],[31.51376671676053,1.361312568520191],[31.486584913862657,1.372035427193225],[31.46374393073779,1.389347032139824],[31.44638064984707,1.408131415432479],[31.441809556865564,1.459668020362813],[31.4292240736321,1.598042304109015],[31.422196078686056,1.61876455284181],[31.400078565973047,1.614811305797105],[31.37661746612315,1.607576606175428],[31.36349165221793,1.644861151920622],[31.37486046693698,1.699018053040732],[31.366488884854107,1.710903631697249],[31.3652486514041,1.725218004007672],[31.3614245946693,1.738188788281946],[31.41963068700659,1.729057756610189],[31.48202309289138,1.724258340150243],[31.5492149143368,1.757854250872981],[31.578011408599593,1.801048993616178],[31.578011408599593,1.86824081506154],[31.606807903761705,1.892237893763763],[31.635604398923874,1.897037310223652],[31.645203230045013,1.921034388925875],[31.630804983363248,1.949830884088044],[31.602008488201136,1.973827962790267],[31.573211993039024,2.021822121093976],[31.539616082316343,2.065016863837172],[31.539616082316343,2.14180751730305],[31.5492149143368,2.20899933874847],[31.545909457955077,2.277794093822365],[31.61443240732973,2.277794093822365],[31.623527458925082,2.275623684385494],[31.634379509706605,2.266321926315811],[31.642441034326225,2.264151515979677],[31.661147902353775,2.266631985577646],[31.755405714701965,2.298283800357069],[31.745990963112433,2.175403428025788],[31.750790378673003,2.060217448276603],[31.769988041814656,2.03622036867506],[31.808383368097964,2.031420953114491],[31.837179863260076,2.021822121093976],[31.85637752640173,1.993025626831184],[31.875575189543326,1.964229131669072],[31.875575189543326,1.921034388925875],[31.865976358422188,1.858641983041082],[31.865976358422188,1.810647824737316],[31.88997343712441,1.767453082893439],[31.90437168470544,1.729057756610189],[31.90437168470544,1.690662429427562],[31.933168179867607,1.676264181846477],[31.971563506150858,1.666665350725339],[31.99076116929251,1.637868855563227],[32.02435708001519,1.642668271123796],[32.02435708001519,1.681063598306423],[32.06755182275839,1.685863013866992],[32.101534458148706,1.665635077496802],[32.104221633321686,1.647806707713357]]]}"
Mayuge,UG-214,"{""type"":""Polygon"",""coordinates"":[[[33.631776971000136,-1.002573343999927],[33.456127970000125,-1.002573343999927],[33.426414845668546,-1.002573344084567],[33.42641482858147,-1.002470797988963],[33.42620812390578,0.213734035897005],[33.38703738776519,0.302617498798497],[33.41824995297293,0.307836819513625],[33.4635750106782,0.33301657145762],[33.477423243687724,0.336478629485157],[33.490405961066244,0.338209658948585],[33.50425419317645,0.346864804467145],[33.51290933869501,0.367637152632483],[33.522429998945256,0.396199131584638],[33.547854444726795,0.420698147101803],[33.56573449135368,0.450670477960159],[33.60883263521794,0.442247219033902],[33.59697820278183,0.421158644056163],[33.62013275072587,0.406687051366305],[33.640392980851345,0.380638184704424],[33.69337527834642,0.368401597056049],[33.684693637901034,0.321686102931267],[33.69017134013524,0.306286525902465],[33.69017134013524,0.299775294893948],[33.69017134013524,0.279724839729568],[33.66060260252806,0.24746089960081],[33.65434784107998,0.073148365104942],[33.693594923367016,-0.001421091510167],[33.74069142247117,-0.040668174696521],[33.73759493076142,-0.068012702724047],[33.63177697113031,-0.103463506535604],[33.63177697113031,-1.002470797988963],[33.631776971000136,-1.002573343999927]]]}"
Mbale,UG-209,"{""type"":""Polygon"",""coordinates"":[[[34.12983442641763,1.114505926707125],[34.12807742723146,1.13889720344315],[34.11732872923744,1.156983953846407],[34.11650190603814,1.177861233109411],[34.13582889168998,1.167112535115393],[34.15691287562868,1.163185126492408],[34.17965050596604,1.153469957272705],[34.20538536983895,1.158430893770742],[34.21737430218229,1.137656969093825],[34.23236046716181,1.118640041804497],[34.2483801609157,1.114092515557161],[34.262849561957694,1.104273993549953],[34.27680219906222,1.103550523138097],[34.291788364041736,1.107012843767734],[34.324964634010655,1.099002996890761],[34.3571073752052,1.086445623766508],[34.31659305192778,1.074663397897496],[34.2926151872411,1.043089097483858],[34.28000613817272,1.019731350421466],[34.26357303236955,0.999164130420297],[34.25964562374651,0.978183499269051],[34.260369094158364,0.959683335917191],[34.2248157082783,0.942630113388987],[34.21231001199743,0.922631334168727],[34.20414513459025,0.900565497399782],[34.19422325979559,0.856640530336222],[34.16373416499971,0.828063463458079],[34.152468703068166,0.855917059924366],[34.13365848225311,0.87679433828805],[34.11071414634074,0.891315416173484],[34.084979281568565,0.902322495686633],[34.101205681796785,0.941493231827167],[34.104306268119785,0.984488022903918],[34.111437615853276,1.002884833468272],[34.11608849488812,1.021901759858338],[34.0949011572626,1.031306870715525],[34.069166294289005,1.03404572183257],[34.07733116989755,1.050995592472589],[34.098105096373104,1.053217677853524],[34.11340131971514,1.068617254882383],[34.12983442641763,1.114505926707125]]]}"
Mbarara,UG-410,"{""type"":""MultiPolygon"",""coordinates"":[[[[30.503595818991812,-0.255901381243746],[30.561163363898117,-0.235179131611631],[30.62152143676485,-0.227220960678778],[30.605088331860998,-0.287424004814],[30.63795454256808,-0.322770684219734],[30.665756463090304,-0.329281915228194],[30.679399040932992,-0.350934339947855],[30.67526492673494,-0.386849460134499],[30.699449496996692,-0.41268767679486],[30.809727003998034,-0.497747083860816],[30.779651320352116,-0.543532402898109],[30.774276970905476,-0.573918144906486],[30.765181919310123,-0.605027358226039],[30.72869835834257,-0.604562270232577],[30.707407667929488,-0.613967380190445],[30.68839074064016,-0.61732634803252],[30.647463006212774,-0.612055352272705],[30.639608188966747,-0.646213474172498],[30.640951776103577,-0.664920343099368],[30.635474073869375,-0.683523857440093],[30.639504836179242,-0.726311943841154],[30.64017189481706,-0.813835701956066],[30.589998814093974,-0.805686943997273],[30.563540479809262,-0.806772148715709],[30.555892368138245,-0.81240487968148],[30.549174431554775,-0.819381198683402],[30.53925255676006,-0.823566989724782],[30.528917270815384,-0.825582370430084],[30.514447869773335,-0.817727553184056],[30.498324823231997,-0.821499932176152],[30.482925246203138,-0.828993015115543],[30.45615685355591,-0.823360284149828],[30.434349400104736,-0.806565444040018],[30.413472120841675,-0.79752206748941],[30.39331831199047,-0.810596204551189],[30.36386274596896,-0.817779229128121],[30.297096794881156,-0.811939791688019],[30.262576938674783,-0.800622653812411],[30.258546177264236,-0.781140638529678],[30.27270551904445,-0.75494068756268],[30.33843794135788,-0.714167982766185],[30.42515099482256,-0.63029713320617],[30.440447219063913,-0.592469985101729],[30.446751742698723,-0.560637302269697],[30.46886925631111,-0.487360121072754],[30.47000613787293,-0.445967298651908],[30.467008905236753,-0.412429293477146],[30.496774529620836,-0.383748874710818],[30.492847120997794,-0.31574269017301],[30.503595818991812,-0.255901381243746]]],[[[30.667644853227387,0.120244864209099],[30.64409660367528,0.163416655354354],[30.68784536926836,0.184059488554567],[30.725644536765913,0.18577763253171],[30.80639730369262,0.18577763253171],[30.852787191076004,0.18577763253171],[30.93010367004831,0.189213920486054],[31.000723097393006,0.202313544334572],[31.017879672708716,0.162264309050613],[31.038653599184215,0.124747219308688],[31.042787713382268,0.084904690499059],[31.043614535682252,0.020567532165842],[31.035036248923745,-0.001084892553763],[31.022117139694217,-0.014210706458925],[31.01581261605935,-0.03090219468055],[31.044027947731593,-0.034726250516087],[31.077617628850476,-0.044441419735733],[31.084232211747178,-0.127537122939884],[31.064388462157808,-0.210736178931541],[31.065525343719628,-0.276261894770641],[31.07503380736432,-0.311040134294785],[31.092810500304324,-0.344113050576823],[31.120819126401557,-0.423798109994777],[31.139629347216555,-0.456199232708457],[31.147897577411243,-0.492682793676011],[31.134776844675628,-0.528415373071027],[31.11782189286606,-0.574589938474901],[31.074930453677496,-0.652724705181015],[31.039480422383576,-0.681818535996626],[30.99731245270749,-0.692153821941361],[30.95318078006892,-0.693135674771611],[30.90904910743035,-0.689156589305185],[30.887345004967983,-0.690138442135378],[30.865330845042422,-0.695099378633415],[30.854065383110935,-0.679699801604556],[30.845693801028062,-0.658512464878356],[30.810657179085524,-0.625852959746283],[30.765181919310123,-0.605027358226039],[30.774276970905476,-0.573918144906486],[30.779651320352116,-0.543532402898109],[30.809727003998034,-0.497747083860816],[30.699449496996692,-0.41268767679486],[30.67526492673494,-0.386849460134499],[30.679399040932992,-0.350934339947855],[30.665756463090304,-0.329281915228194],[30.63795454256808,-0.322770684219734],[30.605088331860998,-0.287424004814],[30.62152143676485,-0.227220960678778],[30.626999138999054,-0.199005629006592],[30.645189243089078,-0.179626966511307],[30.67009728376263,-0.166294447031134],[30.585225978895778,-0.138785880863736],[30.604849520488983,-0.072065840166374],[30.64017189481706,-0.013195216286192],[30.688907504577628,0.033951728489455],[30.734364893025372,0.120244864209099],[30.667644853227387,0.120244864209099]]]]}"
Mitooma,UG-422,"{""type"":""Polygon"",""coordinates"":[[[30.18733605271666,-0.724813327972697],[30.156950310708226,-0.716338393102376],[30.13255903487152,-0.735820407485846],[30.10982140543348,-0.757576185892276],[30.083156365573814,-0.7557158339186],[30.058248324900262,-0.760004977747542],[29.998820428020338,-0.716803481095781],[29.980320264668478,-0.67380868911971],[29.95148481627126,-0.640735771938353],[29.913347608904985,-0.621563815917398],[29.897431267938657,-0.584150078962978],[29.91076378831815,-0.576398613605136],[29.92595665887268,-0.570765882639364],[29.92864383314634,-0.55624480565325],[29.940322707127223,-0.532887057691596],[29.942596470250862,-0.505033461225253],[29.984745615317877,-0.535181415290083],[30.02006798964601,-0.546955540066108],[30.051465656015182,-0.539106124148304],[30.082863321485092,-0.539106124148304],[30.106411571037142,-0.562654373700411],[30.114260987854266,-0.594052039170265],[30.126035112630348,-0.621524997580593],[30.165282194917324,-0.633299122356618],[30.196679861286555,-0.688245038277898],[30.18733605271666,-0.724813327972697]]]}"
Mityana,UG-114,"{""type"":""Polygon"",""coordinates"":[[[32.03134258828982,0.63442475090153],[32.07187218565281,0.635775457971022],[32.09109581941652,0.649676418232104],[32.13950422074316,0.682812849133654],[32.18369998536599,0.702438056271262],[32.20212411373683,0.660041978954155],[32.21646284418489,0.601048896189582],[32.22266401503225,0.574125473911465],[32.21920226547218,0.503492248268628],[32.26305856210291,0.434572727549323],[32.268035922919466,0.381010647023743],[32.26607221905766,0.361270250221878],[32.26844933406949,0.321892808506277],[32.264744005831176,0.267244471954825],[32.2305877005619,0.253012678092603],[32.160135531829326,0.257193914967218],[32.141281306287226,0.255768252103167],[32.017301874282055,0.246393541029079],[31.99621788944404,0.245049953892249],[31.985572544237527,0.234507961473241],[31.967589145722457,0.228461819357449],[31.945161573747612,0.233577786385695],[31.930795526392387,0.222829088391734],[31.911468539841223,0.220968736418058],[31.888627556716358,0.227531643370639],[31.87054080631316,0.238125311733711],[31.847183058351447,0.275073960694726],[31.82144819537791,0.283032130728259],[31.94879818478836,0.295708059679214],[31.966452264160637,0.337809150371982],[31.955186802229093,0.384111233346744],[31.95901085806463,0.406952216471609],[31.969036085646792,0.425555731711654],[31.960044386838945,0.454649563426585],[31.94299116431074,0.481056219968593],[31.93896040200093,0.503432115099997],[31.922837354560272,0.523637599895324],[31.92511111768391,0.53376618116431],[31.93296593582926,0.541414292835327],[31.939063754788435,0.550302638855669],[31.937720167651605,0.560947984062182],[31.925627883420077,0.566115627034549],[31.91198530377875,0.569371242988439],[31.902270134559046,0.596139634736346],[31.91601606608856,0.622236232915782],[31.941337517912075,0.631072902992059],[31.95342980304298,0.648487860726163],[31.97864790207899,0.642493394554492],[32.03134258828982,0.63442475090153]]]}"
Moroto,UG-308,"{""type"":""Polygon"",""coordinates"":[[[34.5455563430001,3.097500953000036],[34.54562219200005,3.097383118000067],[34.57466434700012,2.946126200000066],[34.58468957500014,2.928711243000038],[34.6164189050001,2.893416239000132],[34.63140507000014,2.869541728000058],[34.640500122000105,2.860136617000094],[34.654142700000136,2.85651926700011],[34.66034387200011,2.858638001000088],[34.67150598100005,2.867784729000078],[34.67564009600005,2.869800110000114],[34.67812056500014,2.871557109000094],[34.68256473800005,2.879360250000033],[34.685045207000144,2.880962220000058],[34.68886926300007,2.879153545000065],[34.691039673000034,2.875691223000032],[34.692693319000114,2.872228903000078],[34.69465702300005,2.870420227000096],[34.69651737400005,2.867733053000066],[34.72483606000014,2.854142151000076],[34.730107056000065,2.852850240000109],[34.73692834500014,2.844375305000113],[34.740959106000105,2.835538635000106],[34.76131962100004,2.772493388000086],[34.77651249200005,2.685625306000077],[34.81868046100004,2.597982076000065],[34.82808557100009,2.588783671000073],[34.84183150300004,2.58775014200009],[34.849893025000085,2.59513987200009],[34.85650760900012,2.603459778000058],[34.86560266100008,2.60485504200004],[34.8756278890001,2.591212464000122],[34.88131229600015,2.541448059000103],[34.88710005700011,2.522379456000124],[34.91438521300006,2.494370829000019],[34.923583619000055,2.477317607000089],[34.92089644300012,2.454631653000121],[34.90611698400011,2.436906637000106],[34.885963175000086,2.425434469000081],[34.86787642400009,2.411481832000092],[34.85909143100008,2.386780497000089],[34.86560266100008,2.347506409000104],[34.904284074000145,2.254255316000084],[34.92234338300011,2.210718893000134],[34.884808910602715,2.151406348424246],[34.84161416785952,2.113011022140938],[34.82547402790402,2.167665215077591],[34.817617089157295,2.30978707091657],[34.784021178434614,2.405775387524102],[34.75463297433225,2.48414393029816],[34.74082643569142,2.520961367273287],[34.70243110940817,2.559356693556538],[34.644838119083886,2.578554356698191],[34.644838119083886,2.640946762583042],[34.611242208361205,2.65054559370418],[34.56324805005744,2.664943841285208],[34.510454476193104,2.712937999588974],[34.438463239187115,2.775330405473824],[34.38087024886289,2.799327484176047],[34.3088790118569,2.808926316196505],[34.251687452813655,2.832773138869243],[34.25809533103467,2.877292385135434],[34.27452843593852,2.917780869991134],[34.33612674315464,2.996044827007154],[34.386252882864255,3.081672674854076],[34.42563032368048,3.076169135097473],[34.46335411989668,3.084928289908646],[34.48536827982224,3.087098700244837],[34.5081059101596,3.078727118161964],[34.52681277818715,3.085109157961256],[34.54489953038899,3.097227281513824],[34.545209587852185,3.09735647182373],[34.5455563430001,3.097500953000036]]]}"
Moyo,UG-309,"{""type"":""Polygon"",""coordinates"":[[[31.801106597000057,3.806472428000063],[31.807029663000037,3.803722433000075],[31.830697469000086,3.783878683000083],[31.901907593000146,3.70429697700007],[31.916273641000146,3.680267436000037],[31.920046021000076,3.661302185000082],[31.923094930000104,3.615284323000083],[31.93001957200005,3.598360290000073],[31.94366215000008,3.591254781000146],[32.02223590666176,3.586420194936011],[32.00882693941168,3.578231513373623],[31.958287387652774,3.563400377125674],[31.947125277609473,3.549266872867861],[31.941905143907263,3.527655340321701],[31.92815188919832,3.510280665919993],[31.908376497976974,3.499457098466337],[31.885752800051648,3.497503973329685],[31.873952670479355,3.500596421687476],[31.861745639049957,3.506293035994815],[31.85035240953607,3.513698634684204],[31.841319207015772,3.521673895433935],[31.82325280017659,3.520331122183507],[31.813080274435094,3.522243556594844],[31.815196159774928,3.535223700113647],[31.803721550609055,3.533270574977053],[31.78269087128666,3.52536652344628],[31.758299594550635,3.503507392252345],[31.748584426230252,3.497461249237233],[31.725846794993572,3.492629503049102],[31.70383263506801,3.490614122343857],[31.693290642649004,3.486350816037316],[31.686676059752358,3.476971544501168],[31.681715122355,3.467592271166382],[31.664248487777456,3.453846340536188],[31.6574271993058,3.431651313457337],[31.65256961379663,3.406355699156165],[31.646161737374257,3.387597154285231],[31.611641880268564,3.353128974022923],[31.596965772752185,3.334525457883558],[31.58838748509436,3.300057278520569],[31.582393018922687,3.292460841894354],[31.575571729551655,3.285717067788426],[31.570404086579288,3.278973292783235],[31.567303501155607,3.271118476436527],[31.5629626813826,3.24419505505773],[31.551198763911827,3.20193105667289],[31.524515414754546,3.144666246050406],[31.460652165864758,3.219271809546342],[31.455974331450193,3.352590097554923],[31.46374393073779,3.457954617211783],[31.53516075996106,3.562728583557259],[31.586840738409308,3.632199980444739],[31.61394455197242,3.697013761172279],[31.668536825000103,3.705020447000066],[31.686830282000074,3.712823589000081],[31.696132039000133,3.721272685000073],[31.775713745000132,3.810698751000075],[31.777884155000038,3.816434835000038],[31.780984741000054,3.81581471800007],[31.801106597000057,3.806472428000063]]]}"
Mpigi,UG-106,"{""type"":""Polygon"",""coordinates"":[[[32.264744005831176,0.267244471954825],[32.26844933406949,0.321892808506277],[32.26607221905766,0.361270250221878],[32.268035922919466,0.381010647023743],[32.26305856210291,0.434572727549323],[32.368969410010266,0.434572727549323],[32.43957664164867,0.360042871681173],[32.42368533690876,0.264842027537554],[32.40993940627857,0.226808172958783],[32.396710238686524,0.207791246568775],[32.37293908137349,0.196732489312922],[32.35815962106966,0.183606676307079],[32.3499947445618,0.163349513769049],[32.3372823418066,0.141025295480972],[32.318162061729765,0.124902248939634],[32.29625125459171,0.118235989199547],[32.278267856976015,0.1072805847312],[32.2682426293938,0.079478665108297],[32.246641879718936,0.062218736105763],[32.22690148291707,0.049609687037389],[32.21997684075859,0.028887437405274],[32.22421430774409,-0.018034763193782],[32.2486055835808,-0.058807467990277],[32.2518095226913,-0.106091403795233],[32.2481921733301,-0.158387952941666],[31.99756147568155,-0.158129570523272],[31.96304162037444,-0.149344578189755],[31.93565311010292,-0.126761976583964],[31.879945916271026,-0.034881280146976],[31.855784970300135,-0.007351203994858],[31.92602731460886,0.028150336868521],[31.988647207602526,0.076538436000021],[32.02564987074493,0.116387457914868],[32.076884328648816,0.136311969321923],[32.12811878565344,0.12777289300459],[32.170814167239996,0.153390121956534],[32.21920226547218,0.184700068453367],[32.247665853196565,0.207470938632923],[32.26759036460362,0.227395449140658],[32.264744005831176,0.267244471954825]]]}"
Mubende,UG-107,"{""type"":""Polygon"",""coordinates"":[[[31.364318475417292,0.698820706010736],[31.39181033667768,0.737836412520437],[31.40204227073417,0.79163157843459],[31.41186079274138,0.806411037839098],[31.424676548284083,0.818038234976541],[31.424263137134062,0.836796779847475],[31.43811241965244,0.861498114046697],[31.5830131374463,0.845168361930348],[31.639361350046272,0.866061364940037],[31.674664965415786,0.866061364940037],[31.741349573723824,0.81898987688129],[31.796136702646663,0.818657759947655],[31.835492548941943,0.803299380861745],[31.91735965322539,0.687813624699004],[31.919220005199065,0.674016018124746],[31.928211704006912,0.663474025705739],[31.9418542818496,0.656807765965596],[31.95342980304298,0.648487860726163],[31.941337517912075,0.631072902992059],[31.91601606608856,0.622236232915782],[31.902270134559046,0.596139634736346],[31.91198530377875,0.569371242988439],[31.925627883420077,0.566115627034549],[31.937720167651605,0.560947984062182],[31.939063754788435,0.550302638855669],[31.93296593582926,0.541414292835327],[31.92511111768391,0.53376618116431],[31.922837354560272,0.523637599895324],[31.93896040200093,0.503432115099997],[31.94299116431074,0.481056219968593],[31.960044386838945,0.454649563426585],[31.969036085646792,0.425555731711654],[31.95901085806463,0.406952216471609],[31.955186802229093,0.384111233346744],[31.966452264160637,0.337809150371982],[31.94879818478836,0.295708059679214],[31.82144819537791,0.283032130728259],[31.772811614464388,0.258055742478518],[31.723935843564334,0.301400777224103],[31.6556232339251,0.324171646504283],[31.618620569883376,0.335557081594004],[31.574951612826624,0.337550767054267],[31.499073502340252,0.298554418451658],[31.436453610245906,0.278629907044547],[31.37383371815156,0.267244471954825],[31.336831054109837,0.253012678092603],[31.3347595557089,0.200556545148402],[31.289387647821684,0.198592841286597],[31.25920861228758,0.16913727526503],[31.21776411302335,0.17032583277097],[31.185207960678838,0.195130519757697],[31.157406040156616,0.227686672102209],[31.119475539264727,0.231148992731846],[31.08133833189845,0.211666978348376],[31.045784946018443,0.20577586496421],[31.008784621113364,0.206706040951019],[31.026457961265862,0.238332017308721],[31.05498335130062,0.261224677277028],[31.080511508699146,0.289284980217644],[31.10180219911217,0.320187486163547],[31.11565148342919,0.33217641850689],[31.126400181423207,0.344837144418648],[31.120199008777206,0.362045396577798],[31.110690545132513,0.379305325580276],[31.10965701725752,0.417804267253132],[31.128880650121857,0.45206574104111],[31.137768996142256,0.485086982278403],[31.159886508855266,0.504362291086863],[31.230063103729208,0.51640290027359],[31.244119093621237,0.523947659157159],[31.243395624108757,0.536194973019576],[31.250216912580413,0.55112946205503],[31.253524203579104,0.566632391871394],[31.23998497942324,0.597844957079076],[31.21435346923721,0.622391262546728],[31.27481489399213,0.707709052031134],[31.318533156380056,0.717372545306716],[31.364318475417292,0.698820706010736]]]}"
Mukono,UG-108,"{""type"":""Polygon"",""coordinates"":[[[32.79265506437969,0.845271714717853],[32.82242068876377,0.782433173152413],[32.85859419136881,0.723418687422452],[32.89781613400737,0.692631044686948],[32.95110601852792,0.670023214399805],[32.98178807276133,0.645800539862989],[33.0316413617594,0.586999225833608],[32.98824745245793,0.558598910811099],[32.98501776305932,0.510153561737468],[33.00116621275049,0.453633986918931],[33.02861857758529,0.414877707839935],[33.02054435273965,0.35997297817039],[32.976943538213675,0.313142473346431],[32.9188091182462,0.256622899427271],[32.89135675431072,0.206562704305327],[32.862289544326984,0.174265804922925],[32.86067469917799,0.140354060391587],[32.77313080524243,0.036971822791372],[32.605021537913615,-0.163090508819948],[32.493138462270224,-0.163090508819948],[32.522283969929276,-0.124333183829378],[32.567139112979646,-0.064905286949454],[32.621709426149096,0.002377428075818],[32.619952426962925,0.133738918116592],[32.63152794815625,0.215439358239792],[32.642690057300285,0.257865709434952],[32.66418745328832,0.287631333818979],[32.68609826042638,0.334605211261476],[32.66770144986202,0.393206284942096],[32.66305057082718,0.426227525280069],[32.66666792198697,0.459817206398952],[32.67162885938433,0.482038071899467],[32.65953657425348,0.503690497518448],[32.67069868339752,0.5289602733979],[32.67018191856067,0.556452135557606],[32.75338655934223,0.587555062616048],[32.77299967959152,0.654239670024765],[32.78869017561112,0.752305269472572],[32.79265506437969,0.845271714717853]]]}"
Nakapiripirit,UG-311,"{""type"":""Polygon"",""coordinates"":[[[34.572391391649376,1.568328354769733],[34.55451134592187,1.569258530756599],[34.54334923677783,1.577681790582176],[34.52970665893514,1.584167182269653],[34.502834914399784,1.591841132362333],[34.43317508256399,1.555331732973116],[34.37767459520637,1.557217922469135],[34.288894484193065,1.547606106036937],[34.27442508315107,1.553910631470444],[34.26088585809583,1.562798977490786],[34.2452795745927,1.560551051889547],[34.22967329288815,1.555719305701359],[34.23453087659868,1.626516018199652],[34.2248157082783,1.630443426822694],[34.21168989437308,1.631270250021998],[34.211844931198584,1.954637704666311],[34.25128602243194,1.954630299648613],[34.3088790118569,1.964229131669072],[34.34727433814015,1.978627379250156],[34.35687317016067,2.012223289972837],[34.39046908088335,2.031420953114491],[34.448062070308254,2.069816279397742],[34.601643377240066,2.079415111418257],[34.63043987240218,2.122609853262134],[34.63523928796275,2.477766624530091],[34.75463297433225,2.48414393029816],[34.784021178434614,2.405775387524102],[34.817617089157295,2.30978707091657],[34.82547402790402,2.167665215077591],[34.84161416785952,2.113011022140938],[34.86081183190049,1.99782504239181],[34.80801825713684,1.993025626831184],[34.80321884157627,1.906636141344848],[34.80321884157627,1.777051914014635],[34.78882059399518,1.681063598306423],[34.75042526771193,1.613871776861004],[34.6976316938476,1.580275865239003],[34.637275385450664,1.540856558283508],[34.590478142951895,1.569465237230929],[34.572391391649376,1.568328354769733]]]}"
Nakaseke,UG-115,"{""type"":""Polygon"",""coordinates"":[[[32.18369998536599,0.702438056271262],[32.21066319005416,0.731200948265155],[32.22204862424462,0.759664535090224],[32.21920226547218,0.808052634221667],[32.16644005726283,0.8546251487316],[32.1073601530486,0.865656804917592],[32.0432434428306,0.909557196207629],[32.000558709217046,0.981697495842752],[32.001488885203855,1.002678126993942],[31.99952518134205,1.020971583871471],[31.95298948327803,1.10392457815675],[31.93285417887722,1.221380522293259],[31.89593945324316,1.285142320461716],[31.822275017677896,1.357075099736051],[31.883976677681517,1.420792141344236],[31.924801060220716,1.445235094024383],[31.959527622002156,1.475930894395276],[32.08158735487251,1.412963162519929],[32.24736806608337,1.246555890941579],[32.347824334225606,1.200185452296751],[32.39642777781967,1.15241291572346],[32.406011996756206,1.090424709232934],[32.40035040204941,1.007275828216905],[32.41211827383927,0.944513844138612],[32.463112385228385,0.866061364940037],[32.46399295371185,0.742849025861858],[32.472571242269,0.725899156121159],[32.485800408961666,0.714943752552131],[32.48983117037221,0.698200588386442],[32.4768087092545,0.682594305782573],[32.46585330568547,0.663835760911638],[32.454794549328994,0.653345445336015],[32.43505415162775,0.655257473253755],[32.41076622857855,0.654172268535376],[32.38740848241554,0.649676418232104],[32.36901167185118,0.636912340432161],[32.3538188012966,0.621151028197403],[32.334905225895454,0.585339259898888],[32.33035769964812,0.546116847814289],[32.30245242723771,0.539243883398512],[32.278474561651706,0.55056102127412],[32.2518095226913,0.566942450233853],[32.22266401503225,0.574125473911465],[32.21646284418489,0.601048896189582],[32.20212411373683,0.660041978954155],[32.18369998536599,0.702438056271262]]]}"
Nakasongola,UG-109,"{""type"":""Polygon"",""coordinates"":[[[32.177602166406814,1.677520657052696],[32.21201866982574,1.676357937069156],[32.23516971221244,1.668270574927078],[32.30286583838773,1.648581854968597],[32.317748650579745,1.623777167082608],[32.383894484043196,1.603106594293877],[32.42936974471792,1.574167792209835],[32.453705274278946,1.567246812090673],[32.47536176933016,1.551585191503364],[32.50611412896387,1.521307684701867],[32.52654056099806,1.515936590801005],[32.55555109390781,1.520540545909455],[32.57496178485849,1.488145249903368],[32.600999119513745,1.462718505454632],[32.687958612399996,1.470530707426178],[32.6907491385619,1.387925929737833],[32.71989464712027,1.377797349368166],[32.7381881039978,1.367255356949158],[32.74893680199182,1.363999741894588],[32.75668826734966,1.349401150542633],[32.766196730094975,1.346145535488063],[32.77270796110349,1.341727200449952],[32.776221957677194,1.330926824713174],[32.777358840138334,1.317439277400695],[32.776428664151524,1.305191961739638],[32.778495720800834,1.283591212964097],[32.79337853389222,1.182718817719262],[32.780252719987004,1.081226304850077],[32.7261991716544,1.075180161834965],[32.702392447953116,1.117109299454569],[32.67493408014366,1.144567667264027],[32.63989953023912,1.13579661712015],[32.62786259208491,1.081805684085055],[32.6200173445248,1.019043700006762],[32.62393996875454,0.968049588617589],[32.55969770688364,0.976271471351311],[32.46874718643346,1.016837470572796],[32.406011996756206,1.090424709232934],[32.39642777781967,1.15241291572346],[32.347824334225606,1.200185452296751],[32.24736806608337,1.246555890941579],[32.08158735487251,1.412963162519929],[31.959527622002156,1.475930894395276],[31.994770948620385,1.528356634750878],[32.01833540215705,1.537400011301486],[32.040452914870116,1.550990912300733],[32.06918501227847,1.587603665376832],[32.08654829316919,1.629719957310158],[32.104221633321686,1.647806707713357],[32.141015251752435,1.667185370208642],[32.177602166406814,1.677520657052696]]]}"
Namayingo,UG-230,"{""type"":""Polygon"",""coordinates"":[[[33.90421431500005,-1.002573343999927],[33.822255493000114,-1.002573343999927],[33.63926924600008,-1.002573343999927],[33.631776971000136,-1.002573343999927],[33.63177697113031,-1.002470797988963],[33.63177697113031,-0.103463506535604],[33.73759493076142,-0.068012702724047],[33.74069142247117,-0.040668174696521],[33.693594923367016,-0.001421091510167],[33.65434784107998,0.073148365104942],[33.66060260252806,0.24746089960081],[33.69017134013524,0.279724839729568],[33.69017134013524,0.299775294893948],[33.69017134013524,0.306286525902465],[33.684693637901034,0.321686102931267],[33.72891729769509,0.3459155898326],[33.76423967202322,0.37142619336413],[33.797599692371875,0.385162672119634],[33.828997358741105,0.383200318140155],[33.83880912953765,0.42637210838609],[33.85843267023154,0.453845066796362],[33.89253624914858,0.473924872235045],[33.9149638202241,0.429276434759629],[33.91785770007277,0.403851630148608],[33.90607547420376,0.385661526058584],[33.88933231003807,0.369280097098795],[33.87703331933221,0.344217026794354],[33.881477491892724,0.31424469593594],[33.9045251805926,0.268045965748684],[33.93594445227461,0.224844469096979],[33.95134402840415,0.205879217751715],[33.959922316062034,0.198954576492497],[33.96026592363347,0.198677205788385],[33.95175663300006,0.187328186000073],[33.89356896900006,0.109813538000111],[33.890468384000144,0.090073140000058],[33.92157759600008,-0.012969664999943],[33.952480102000095,-0.115702412999951],[33.95351363100008,-0.154356383999954],[33.935116821000065,-0.313106383999894],[33.91134566200009,-0.519295348999918],[33.894809204000126,-0.662749124999891],[33.898529907000125,-0.799071553999937],[33.90421431500005,-1.002573343999927]]]}"
Namutumba,UG-222,"{""type"":""Polygon"",""coordinates"":[[[33.63053673678098,0.732927151067145],[33.622681918635635,0.77256297430182],[33.57741336443519,0.790959783966855],[33.555399203610364,0.79721263345624],[33.542066685029454,0.815196031071991],[33.53183475097296,0.880928453385422],[33.57617313008586,0.99358307539859],[33.59301964703906,1.013891912981364],[33.60542199143174,1.036474513687835],[33.61689415893824,1.063036199860733],[33.63291385269213,1.087634182171769],[33.68024946534052,1.053217677853524],[33.69564904057074,1.037094631312186],[33.69544233589505,0.988828844475563],[33.706914504300926,0.970018621861925],[33.742881301330954,0.936118883279846],[33.76654910675586,0.912244371380609],[33.77492068883868,0.879894923711731],[33.773370396126836,0.843308009956672],[33.77657433433802,0.808271388913454],[33.79083702980506,0.77426829754387],[33.7985884951629,0.742538967499343],[33.808303664382606,0.733392239060549],[33.822463006162764,0.723832099471792],[33.83744917204166,0.689622300728558],[33.80602990125891,0.679855455564791],[33.77512739441369,0.678821925891157],[33.744224887568464,0.722643541066532],[33.72551801864165,0.698097236498256],[33.69564904057074,0.701972968277857],[33.662369418713695,0.71587392853894],[33.63053673678098,0.732927151067145]]]}"
Napak,UG-328,"{""type"":""Polygon"",""coordinates"":[[[34.226055942627625,2.724536850994866],[34.251687452813655,2.832773138869243],[34.3088790118569,2.808926316196505],[34.38087024886289,2.799327484176047],[34.438463239187115,2.775330405473824],[34.510454476193104,2.712937999588974],[34.56324805005744,2.664943841285208],[34.611242208361205,2.65054559370418],[34.644838119083886,2.640946762583042],[34.644838119083886,2.578554356698191],[34.70243110940817,2.559356693556538],[34.74082643569142,2.520961367273287],[34.75463297433225,2.48414393029816],[34.63523928796275,2.477766624530091],[34.63043987240218,2.122609853262134],[34.601643377240066,2.079415111418257],[34.448062070308254,2.069816279397742],[34.39046908088335,2.031420953114491],[34.35687317016067,2.012223289972837],[34.34727433814015,1.978627379250156],[34.3088790118569,1.964229131669072],[34.25128602243194,1.954630299648613],[34.211844931198584,1.954637704666311],[34.21189659994809,2.062406723691311],[34.20290490114024,2.111370144316709],[34.16528445771155,2.142376003050117],[33.90566206215442,2.304304104051141],[33.748669061028295,2.402230943503241],[33.723657667567295,2.412876287810434],[33.67311811670771,2.361975001744952],[33.63777143730198,2.36037303308899],[33.65678836369199,2.406365057701237],[33.651207309569656,2.456439521466734],[33.68210981641488,2.458454902171979],[33.71115197128643,2.467033188930486],[33.77171674972817,2.501139634886215],[33.83713911277982,2.500416165373736],[33.90142459516892,2.492871404691584],[33.97532189309089,2.501733914088845],[34.00612104714861,2.502431545179661],[34.01997033056631,2.510467231377618],[34.0174898618676,2.522507838765762],[33.99464887874274,2.541214707692575],[33.98297000476191,2.569300849054912],[33.96074913926134,2.594570624035043],[33.95062055799235,2.61689484322244],[33.9633210726094,2.722536831609489],[34.01131523091317,2.75613274233217],[34.10068891785926,2.748049627688147],[34.14440718024713,2.751822008478882],[34.226055942627625,2.724536850994866]]]}"
Nebbi,UG-310,"{""type"":""Polygon"",""coordinates"":[[[31.11260176600007,2.282084045000133],[31.09906254000009,2.282704163000105],[31.055240926000067,2.29024892200006],[31.04066817200004,2.297897033000126],[31.035500529000103,2.306940409000092],[31.038807820000102,2.310971171000091],[31.04438887500004,2.313916728000081],[31.045939168000075,2.319652812000044],[31.043562052000084,2.327042542000058],[31.04128828900008,2.331228333000084],[30.984857626000064,2.394635315000116],[30.968011108725648,2.405435689305591],[30.97636388598454,2.426027167619679],[31.018463478406773,2.431834007333578],[31.02427031901999,2.468126760041912],[31.054756231115164,2.486998990910706],[31.06927333219852,2.524743453547558],[31.04830549210476,2.58889263558666],[31.11486778182268,2.60015172762013],[31.154762926367937,2.622948953331502],[31.251973910867264,2.635575872828269],[31.287837355109843,2.663558661403101],[31.29837934662953,2.67797638650103],[31.296725702029505,2.698517768080535],[31.301996697789377,2.713581448325158],[31.316362746043865,2.724717719047476],[31.325044387388573,2.740324000752025],[31.32959191273659,2.753837389184127],[31.348298780764082,2.762105618479495],[31.392843866351313,2.785515042385271],[31.4122742038914,2.772027493274209],[31.427363721658423,2.764276027916367],[31.437182244564895,2.752467962726314],[31.442659945899777,2.717250474529749],[31.446690708209587,2.70590749823242],[31.449274529695742,2.693892727467414],[31.44751753140895,2.681852118280631],[31.442039829174746,2.676426092889869],[31.424883253859036,2.667434394082022],[31.41961225809922,2.662008367791941],[31.416408318988715,2.638418076732819],[31.423539665822886,2.617308254372404],[31.436458775052415,2.59875641507648],[31.45061811683263,2.582865912531815],[31.462607049175972,2.562066148533916],[31.4777999197305,2.51917470934535],[31.49526655430799,2.504343573097401],[31.503844841965872,2.505118720352641],[31.51500695200923,2.508684393769727],[31.524722121228876,2.509226996128973],[31.52885623542693,2.500932929311205],[31.527512648290042,2.489693304902062],[31.52327518130454,2.4796680773199],[31.515833775208534,2.472381699955463],[31.504878370740187,2.469591172894297],[31.48989220576067,2.462537340425911],[31.479970330965955,2.445070705848366],[31.475009392669335,2.422565619507736],[31.474802687094325,2.408147895309128],[31.471081984046293,2.381146959564546],[31.466947869848298,2.355515448479139],[31.45154829281944,2.340761827496351],[31.428087192969542,2.326679999182602],[31.37641075964882,2.302262884924176],[31.33961714031875,2.262807928842847],[31.33196353289071,2.235955659126375],[31.345673421391268,2.179557999102371],[31.309024692735363,2.155475979432879],[31.28009568067108,2.151441144093496],[31.280446818000087,2.153409729000074],[31.27873986900005,2.156021156000051],[31.267476033000037,2.173253479000067],[31.21089034000005,2.205344543000081],[31.190116415000034,2.221519267000076],[31.18246830200013,2.238727519000065],[31.17905765800009,2.259759827000067],[31.17755904100011,2.302909648000096],[31.129241577000073,2.284667868000042],[31.11260176600007,2.282084045000133]]]}"
Ngora,UG-231,"{""type"":""Polygon"",""coordinates"":[[[33.810577426606926,1.668270574927078],[33.85656945211849,1.664058946363298],[33.89584354014721,1.638453273699611],[33.86036119081626,1.625195163226181],[33.84010096069079,1.590463340410793],[33.84878391684424,1.494950828118192],[33.84299527940857,1.431275819923144],[33.80536913877472,1.416804227233285],[33.78221458993136,1.387861041853569],[33.789183384305716,1.313563543822454],[33.75921105344736,1.308085842487628],[33.74029747894548,1.323769639457282],[33.73047895693827,1.340512804522291],[33.706707797826596,1.339970201263782],[33.55932661313267,1.330100002413189],[33.57048872227671,1.35498220556434],[33.58940229677853,1.376815497437235],[33.60097781797191,1.384205226689858],[33.61327680777845,1.385290432307613],[33.6254724456968,1.392705999981899],[33.66691694496103,1.4131440287739],[33.715394015821175,1.591654506849977],[33.722314081329785,1.617136745764185],[33.73378624883628,1.645894679795617],[33.75476687998753,1.661966051292211],[33.785876092407705,1.65635915784884],[33.810577426606926,1.668270574927078]]]}"
Ntoroko,UG-423,"{""type"":""Polygon"",""coordinates"":[[[30.399260295000147,1.200599670000088],[30.412696167000092,1.202046611000085],[30.431609741000045,1.207007548000121],[30.445562378000147,1.2127953090001],[30.458274780000067,1.221683655000021],[30.478273560000105,1.238633525000125],[30.55370445300008,1.335632478000093],[30.55000125475408,1.161376451362116],[30.548140902780403,1.074198309904091],[30.541836379145536,1.049238593286418],[30.527160271629214,0.985934962828253],[30.471409439993636,0.944433599431079],[30.432162356807282,0.89341239236802],[30.357592900192174,0.818842934853535],[30.310496401088017,0.858090018039888],[30.286948151535967,0.78352056052546],[30.23985165243181,0.75212289505555],[30.17038618297596,0.714685370133736],[30.184752232129767,0.749670315232834],[30.19426069487514,0.761555893889408],[30.202425571383003,0.770134182446554],[30.209350212642164,0.818193263708167],[30.22681684721971,0.841034246833033],[30.25203494625572,0.852971503232254],[30.206228653229743,0.894990412977165],[30.183482538795875,0.954601915163732],[30.183769572000074,0.955136617000093],[30.186870158000147,0.958753968000082],[30.191521037000086,0.974877014000057],[30.21405196100011,0.998544820000092],[30.22097660300011,1.017096660000036],[30.215602255000135,1.057766012000087],[30.215292195000075,1.077092997000122],[30.22800459800004,1.089030253000075],[30.231518596000058,1.097763570000055],[30.234102417000088,1.108098857000059],[30.236169475000054,1.129492900000074],[30.23885664900007,1.136004130000046],[30.269345744000134,1.167268371000134],[30.2779757080001,1.171609192000105],[30.28650231900008,1.17429636600005],[30.295700724000085,1.172642721000088],[30.306552775000057,1.163909404000123],[30.323812703000044,1.155847880000039],[30.33606001800007,1.168870341000073],[30.34820398000005,1.189024150000051],[30.36494714300011,1.202046611000085],[30.376626017000092,1.203080140000068],[30.399260295000147,1.200599670000088]]]}"
Ntungamo,UG-411,"{""type"":""Polygon"",""coordinates"":[[[30.460828622942586,-1.063427549541814],[30.445614054000146,-1.058693948999874],[30.432023153000046,-1.060554300999883],[30.41889733900007,-1.066445413999887],[30.40318770300013,-1.070372822999943],[30.38634118600004,-1.068202412999952],[30.36928796400008,-1.063241474999913],[30.35275150500013,-1.06076100699994],[30.337455282000064,-1.066238707999929],[30.32903202300008,-1.0805014029999],[30.32257246900008,-1.121842549999926],[30.317404826000086,-1.137035419999961],[30.31130700700004,-1.142099710999929],[30.294563843000105,-1.149644469999885],[30.290949658000102,-1.15262085699996],[30.2902755064095,-1.152590833799934],[30.264747349010918,-1.151453953137434],[30.23436160700254,-1.160807387151181],[30.209556919116494,-1.184888603726108],[30.177414177921946,-1.193518569126695],[30.179274529895622,-1.164321383724882],[30.159327426619427,-1.15372771626113],[30.122843865651873,-1.151040541088094],[30.088737419696145,-1.140188490306571],[30.076231724314596,-1.11569386078304],[30.06837690616925,-1.086703382754934],[30.04873986215489,-1.066497897959607],[30.043055454345733,-1.043398532416347],[30.044192335907553,-1.025001722751313],[30.04853315568056,-1.009292086460619],[30.068066846907413,-0.992290540775855],[30.0763350771021,-0.974358819104225],[30.074888137177766,-0.95348154074054],[30.077782017026436,-0.9315190567591],[30.059695264824597,-0.914930922224301],[30.037887811373366,-0.900926609175656],[30.040574984747707,-0.873331394228444],[30.057318149812772,-0.837054538835901],[30.062072380735742,-0.798503919420341],[30.058248324900262,-0.760004977747542],[30.083156365573814,-0.7557158339186],[30.10982140543348,-0.757576185892276],[30.13255903487152,-0.735820407485846],[30.156950310708226,-0.716338393102376],[30.18733605271666,-0.724813327972697],[30.209143507966473,-0.749618014959424],[30.238082310050572,-0.755819186706105],[30.27270551904445,-0.75494068756268],[30.258546177264236,-0.781140638529678],[30.262576938674783,-0.800622653812411],[30.297096794881156,-0.811939791688019],[30.36386274596896,-0.817779229128121],[30.39331831199047,-0.810596204551189],[30.413472120841675,-0.79752206748941],[30.434349400104736,-0.806565444040018],[30.45615685355591,-0.823360284149828],[30.482925246203138,-0.828993015115543],[30.498324823231997,-0.821499932176152],[30.514447869773335,-0.817727553184056],[30.528917270815384,-0.825582370430084],[30.53925255676006,-0.823566989724782],[30.549174431554775,-0.819381198683402],[30.555892368138245,-0.81240487968148],[30.563540479809262,-0.806772148715709],[30.589998814093974,-0.805686943997273],[30.58875857884533,-0.859895521960766],[30.575942824201945,-0.885785413665928],[30.556719191337606,-0.909504896833539],[30.540906203158727,-0.91529265653088],[30.520649040620697,-0.944179782670858],[30.507936638764875,-0.956065362226695],[30.501218703080667,-0.971930027248959],[30.4984281760195,-0.987898044159408],[30.483648715715617,-1.023244723565142],[30.462978142926943,-1.055904228697216],[30.460828622942586,-1.063427549541814]]]}"
Nwoya,UG-329,"{""type"":""Polygon"",""coordinates"":[[[32.36239708805516,2.469617011316018],[32.321055943377075,2.464862779493671],[32.27971479690035,2.469203599266677],[32.241991000684095,2.460496121298945],[32.236616652136775,2.41954254844984],[32.24137088395912,2.336808580451589],[32.26007775198667,2.256839301092839],[32.25904422411162,2.2573043890863],[32.22380089659407,2.259242255425761],[32.214085728273744,2.2573043890863],[32.20716108611521,2.252033393326428],[32.191141392361374,2.236220404248229],[32.17987593042983,2.230613511704178],[32.15672488804313,2.231543686791724],[32.12344526528676,2.25745941781787],[32.0917159361415,2.266942043040842],[32.06732466030479,2.280274563420335],[32.056989374360114,2.284615383193341],[32.0262935730899,2.288181057509803],[32.01606163903341,2.291462510986094],[31.976064080592835,2.327300115907633],[31.954876742967315,2.33667938924242],[31.930588819918057,2.353913478923914],[31.91984012192404,2.359727077942296],[31.908574659992553,2.361432400285025],[31.898549432410334,2.36112234102319],[31.8890409687657,2.36189748827843],[31.878912388395975,2.367168484038302],[31.862375928905976,2.35941701957978],[31.82175825374037,2.352440701477178],[31.803154737601062,2.346058660778567],[31.787755160572203,2.334276434909555],[31.755405714701965,2.298283800357069],[31.661147902353775,2.266631985577646],[31.642441034326225,2.264151515979677],[31.634379509706605,2.266321926315811],[31.623527458925082,2.275623684385494],[31.61443240732973,2.277794093822365],[31.545909457955077,2.277794093822365],[31.53112999855057,2.273453274049359],[31.496920199807334,2.2542038027633],[31.448551060183263,2.24164643053831],[31.398838331623665,2.205033678361531],[31.37175988061398,2.195861111501074],[31.365765415341627,2.192760525178073],[31.345673421391268,2.179557999102371],[31.33196353289071,2.235955659126375],[31.33961714031875,2.262807928842847],[31.37641075964882,2.302262884924176],[31.428087192969542,2.326679999182602],[31.45154829281944,2.340761827496351],[31.466947869848298,2.355515448479139],[31.471081984046293,2.381146959564546],[31.474802687094325,2.408147895309128],[31.475009392669335,2.422565619507736],[31.479970330965955,2.445070705848366],[31.48989220576067,2.462537340425911],[31.504878370740187,2.469591172894297],[31.515833775208534,2.472381699955463],[31.52327518130454,2.4796680773199],[31.527512648290042,2.489693304902062],[31.52885623542693,2.500932929311205],[31.524722121228876,2.509226996128973],[31.51500695200923,2.508684393769727],[31.503844841965872,2.505118720352641],[31.49526655430799,2.504343573097401],[31.4777999197305,2.51917470934535],[31.462607049175972,2.562066148533916],[31.45061811683263,2.582865912531815],[31.436458775052415,2.59875641507648],[31.423539665822886,2.617308254372404],[31.467415273595975,2.630212560761038],[31.499313885727247,2.66211117289231],[31.545389659704995,2.711731237106903],[31.58792114344601,2.732996978527751],[31.70488272215988,2.732996978527751],[31.719059884006413,2.771984172031921],[31.74741420590084,2.796794203689558],[31.984881655364063,2.800338493926347],[32.020324557732124,2.779072752505499],[32.055767460999505,2.77552846226871],[32.10184323407799,2.77552846226871],[32.13728613734537,2.750718429711753],[32.17981762018701,2.740085559001329],[32.20108336250718,2.729452688290905],[32.1880554577931,2.697693243548315],[32.16934411923569,2.671965152469795],[32.1623273676139,2.643898145083313],[32.1763608717568,2.613492219590228],[32.20442787914328,2.597119798240101],[32.267519158982,2.592658596117303],[32.26317833830967,2.580307929467381],[32.265142043070796,2.560334987769465],[32.26989627489314,2.540620429389321],[32.28539920381019,2.514523831209829],[32.31165083162057,2.497522283726425],[32.343793572815116,2.487703761719217],[32.36239708805516,2.469617011316018]]]}"
Otuke,UG-330,"{""type"":""Polygon"",""coordinates"":[[[33.01465701740739,2.533230699237379],[33.04380252506644,2.568603217064776],[33.08390343629452,2.593433743372543],[33.12865522565812,2.611830553037578],[33.148395624258626,2.6161196959672],[33.162865025300675,2.605267646084997],[33.1799182469295,2.596379299165335],[33.20286258284193,2.604285793254746],[33.21898563028259,2.603071397327142],[33.23500532403648,2.598239651138954],[33.27717329281319,2.60201203013105],[33.31810102724057,2.588601996285092],[33.33701460084313,2.598911444707369],[33.35355106033313,2.61593882881391],[33.37515180820935,2.613225816118529],[33.39819949690923,2.604595852516582],[33.41638960099925,2.612554023449434],[33.43209923728995,2.629348863559187],[33.47705773312788,2.593769639257459],[33.53421186688411,2.596430976008719],[33.599944289197595,2.507754217782917],[33.62991662005595,2.485662543491571],[33.651207309569656,2.456439521466734],[33.65678836369199,2.406365057701237],[33.63777143730198,2.36037303308899],[33.61007286956726,2.332106025472683],[33.57596642361153,2.337583725908189],[33.54609744644,2.355928860528479],[33.51498734189232,2.356972778271086],[33.48867693349365,2.339432506305116],[33.39220543633178,2.339432506305116],[33.377588542876936,2.351126021248888],[33.327891104590776,2.368666293214858],[33.25188325880532,2.371589671725985],[33.20510919903029,2.383283186669701],[33.18464554855319,2.403746838046118],[33.17002865419903,2.441750760489185],[33.12617797383439,2.459291033354475],[33.088174050492,2.459291033354475],[33.06478702150383,2.441750760489185],[33.0180129617288,2.441750760489185],[32.96539214493151,2.453444275432958],[32.9975493112517,2.473907926809375],[33.012166204706546,2.506065092230187],[33.01465701740739,2.533230699237379]]]}"
Oyam,UG-321,"{""type"":""Polygon"",""coordinates"":[[[32.82293745270124,2.515970771134164],[32.81105187404472,2.474862169553489],[32.776015252102184,2.447241116184557],[32.73260704897609,2.461503810752276],[32.6904390810987,2.463415839569336],[32.621296014099755,2.37466156697775],[32.5817118668092,2.363654486565281],[32.603002557222226,2.245780543837043],[32.579644810159834,2.227564602224618],[32.561764764432326,2.204904486253042],[32.549731005381545,2.180344297950967],[32.53210249193643,2.144365546232962],[32.47070275233011,2.050618616256145],[32.422708594026346,2.04101978423563],[32.34679080635061,2.07266449616958],[32.338729281730934,2.094084376892454],[32.32767052627372,2.109897365970653],[32.32053917764091,2.125891222202142],[32.31030724538306,2.195861111501074],[32.292117140393714,2.230303453341662],[32.27661421057735,2.249087835734997],[32.26007775198667,2.256839301092839],[32.24137088395912,2.336808580451589],[32.236616652136775,2.41954254844984],[32.241991000684095,2.460496121298945],[32.27971479690035,2.469203599266677],[32.321055943377075,2.464862779493671],[32.36239708805516,2.469617011316018],[32.39805382672273,2.468660996907488],[32.440045581438426,2.478426864508208],[32.486007113637356,2.607954820358657],[32.57210005127632,2.621959133407245],[32.663670689350795,2.603820706160661],[32.77529178169033,2.578602607124594],[32.82293745270124,2.515970771134164]]]}"
Pader,UG-312,"{""type"":""Polygon"",""coordinates"":[[[32.77529178169033,2.578602607124594],[32.663670689350795,2.603820706160661],[32.665220982062635,2.622140001459911],[32.68000044056788,2.633741360175634],[32.69333296094737,2.650536200285387],[32.6883720226507,2.672705389841838],[32.681447381391536,2.689810289213483],[32.69023237462437,2.702781073487756],[32.71679406079727,2.710325833270588],[32.7324003443004,2.732081610777698],[32.71948123507093,2.746938585447367],[32.70056766056905,2.756679592189414],[32.68847537633752,2.77975311931101],[32.67876020711782,2.804712835928626],[32.66635786272519,2.815797430706823],[32.65395551923183,2.822412014502845],[32.63876264777798,2.842333279357319],[32.53830366368311,3.030254624851068],[32.47401818219333,3.115830796753869],[32.484250116249825,3.12391815799657],[32.50347374911422,3.123969834840011],[32.51515262219573,3.135803738451784],[32.680061696989696,3.13669320033091],[32.73558204137811,3.170214917884152],[32.782836540573896,3.179935411090355],[32.80040652793889,3.169238389040402],[32.837923617680815,3.16399323170225],[32.891667538426134,3.129360324419451],[32.92813365344534,3.108594177079624],[32.93147457818924,3.179642900299598],[32.98900484439804,3.17332349198557],[33.06451389470044,3.132502985524354],[33.095940504850375,3.091648392059653],[33.12762169778313,3.064774481956761],[33.15541176074413,3.017656365848609],[33.15541176074413,2.976729063995094],[33.13494811026703,2.95334203410755],[33.10571432335729,2.929955004220062],[33.111561080379545,2.894874460288122],[33.164181897176775,2.886104323855477],[33.228496228917834,2.88318094534435],[33.248959879394874,2.84810040051309],[33.24311312237268,2.78086269026096],[33.21095595695181,2.745782146328963],[33.0823272934698,2.739935388407446],[33.05601688507119,2.710701601497703],[33.079403914958675,2.675621057565763],[33.12865522565812,2.611830553037578],[33.08390343629452,2.593433743372543],[33.04380252506644,2.568603217064776],[33.01465701740739,2.533230699237379],[32.98251427621284,2.52416148516437],[32.96814822795835,2.53845001905313],[32.94820112468216,2.540672105333385],[32.934661899626974,2.590333157049542],[32.90820356624158,2.59916982712582],[32.88939334542653,2.611107083525098],[32.86551883262803,2.613794256899439],[32.846605259025466,2.622630926975717],[32.83523644430642,2.638056342426239],[32.82221398318876,2.63772044474274],[32.806297642222376,2.60185700139948],[32.77529178169033,2.578602607124594]]]}"
Pallisa,UG-210,"{""type"":""Polygon"",""coordinates"":[[[33.44253787602213,1.287570299329843],[33.41494266107492,1.299197496467286],[33.40502078628026,1.335526027803951],[33.42827518055509,1.338884996545346],[33.43830040903663,1.319351305318492],[33.45452680836547,1.315527249482955],[33.47416385327921,1.323847153823067],[33.49793501239088,1.318937893269151],[33.55932661313267,1.330100002413189],[33.706707797826596,1.339970201263782],[33.73047895693827,1.340512804522291],[33.74029747894548,1.323769639457282],[33.75921105344736,1.308085842487628],[33.789183384305716,1.313563543822454],[33.81677859925293,1.310876370448113],[33.83434858571866,1.290309150446944],[33.853572218583,1.272739163081894],[33.879927199180884,1.265297756086568],[33.907729119703106,1.261008612257626],[33.92664269420493,1.246177476009677],[33.942352328696984,1.226282050476243],[34.029478794210945,1.208350327905293],[34.04983930773784,1.201012275496112],[34.069579706338345,1.19000519418438],[34.11650190603814,1.177861233109411],[34.11732872923744,1.156983953846407],[34.12807742723146,1.13889720344315],[34.12983442641763,1.114505926707125],[34.08611803821685,1.133161009073319],[34.048491896683686,1.150526920480957],[33.981922570670065,1.170787149707166],[33.90377596888584,1.167892831888651],[33.85457255427991,1.147632601763178],[33.77932027121352,1.11290077894779],[33.70985662648212,1.086851912285908],[33.63291385269213,1.087634182171769],[33.61120975112908,1.117451484298556],[33.59632693893707,1.152074693292434],[33.57513960131155,1.175794176460045],[33.54930138465119,1.197033189130366],[33.53493533729596,1.200908921809287],[33.524186639301945,1.202820949727027],[33.49876183379155,1.238477688394596],[33.47251020688054,1.265091051410877],[33.44253787602213,1.287570299329843]]]}"
Rakai,UG-110,"{""type"":""Polygon"",""coordinates"":[[[31.9861926609625,-1.002573344084567],[31.808373251000035,-1.002573343999927],[31.625335327000073,-1.002573343999927],[31.442245727000056,-1.002573343999927],[31.280492690884955,-1.002573344084567],[31.280395949013837,-1.002470797988963],[31.270060663069103,-0.991515394419935],[31.251043734880454,-0.971154879993719],[31.246909620682402,-0.946091810588598],[31.23977827294891,-0.920563653190072],[31.21900434737273,-0.899944757244782],[31.196163364247866,-0.884855237679062],[31.182830844767636,-0.863512872221293],[31.20050418492019,-0.840775241883932],[31.186241488553833,-0.796075127565075],[31.19006554528869,-0.770805351685624],[31.181073845581466,-0.742434991281812],[31.162780388703936,-0.718767184957642],[31.122266066325892,-0.681095065584827],[31.074930453677496,-0.652724705181015],[31.11782189286606,-0.574589938474901],[31.134776844675628,-0.528415373071027],[31.18597404006988,-0.532582335906113],[31.22866942165649,-0.52404325958878],[31.236987745887745,-0.464105726797868],[31.27990387866106,-0.515504183271446],[31.34537013042717,-0.561045923630502],[31.412584263153178,-0.586940606024143],[31.459224480425405,-0.603741305217056],[31.496227143567808,-0.586663152582446],[31.50476621988514,-0.535428694678501],[31.526630599522548,-0.514554684451127],[31.564539754106363,-0.512657824499001],[31.59869605847632,-0.495579672763711],[31.62146692865582,-0.469962443811767],[31.660217726366966,-0.477024835128077],[31.689673293287854,-0.520278008623222],[31.68088829915564,-0.546374606802658],[31.688743117300987,-0.572367852194645],[31.684815707778682,-0.579912611078157],[31.67799441930697,-0.586475518030738],[31.67644412569581,-0.612107029116089],[31.690190057225323,-0.637583509671231],[31.707656690903548,-0.657582288891547],[31.728533970166552,-0.703677667190618],[31.751891717228943,-0.731944674806925],[31.772975702066958,-0.742331637594987],[31.809872674184533,-0.75550912744427],[31.828269483849567,-0.763363945589617],[31.859895461106646,-0.771270439679085],[31.896689081336035,-0.773905938008625],[31.9861926609625,-0.773905938008625],[31.9861926609625,-1.002470797988963],[31.9861926609625,-1.002573344084567]]]}"
Rubirizi,UG-424,"{""type"":""Polygon"",""coordinates"":[[[29.64385819671025,-0.357992975611615],[29.650980745000084,-0.316454752999917],[29.653982788000064,-0.298947041999938],[29.670569225000122,-0.200867429999903],[29.67661706600012,-0.165105081999883],[29.68126198633185,-0.137897150061764],[29.761037244573174,-0.154484714497983],[29.835606701188283,-0.158409422456884],[29.9433199397634,-0.174717705957391],[30.004369156011705,-0.174108255191811],[30.13276574134585,-0.075498956211845],[30.184132113606154,-0.075550632155966],[30.206559685581,-0.079271335203941],[30.201805453758652,-0.08815968212366],[30.197981397923172,-0.097668144868976],[30.249657831243894,-0.119889011268867],[30.271671991169455,-0.15363372201864],[30.282110629901638,-0.19239104610989],[30.297096794881156,-0.194199721240182],[30.323373194517274,-0.211647935903557],[30.283023442677745,-0.244753003848075],[30.216303402879703,-0.260451837482321],[30.169206903775546,-0.28792479499333],[30.145658654223496,-0.307548336586478],[30.137809237406373,-0.417440167529719],[30.090712738302216,-0.401741334794792],[30.055390363974084,-0.358569543649537],[30.02399269760491,-0.350720126832414],[29.984745615317877,-0.370343668425562],[29.945498532131523,-0.393891917977669],[29.91410086666167,-0.401741334794792],[29.84596154109221,-0.370209648756315],[29.64385819671025,-0.357992975611615]]]}"
Rukungiri,UG-412,"{""type"":""Polygon"",""coordinates"":[[[29.629384805864106,-0.442400817643602],[29.64385819671025,-0.357992975611615],[29.84596154109221,-0.370209648756315],[29.91410086666167,-0.401741334794792],[29.943009881400883,-0.443125094747359],[29.94776411322323,-0.464467462003768],[29.945800409361368,-0.489737236983899],[29.942596470250862,-0.505033461225253],[29.940322707127223,-0.532887057691596],[29.92864383314634,-0.55624480565325],[29.92595665887268,-0.570765882639364],[29.91076378831815,-0.576398613605136],[29.897431267938657,-0.584150078962978],[29.913347608904985,-0.621563815917398],[29.95148481627126,-0.640735771938353],[29.980320264668478,-0.67380868911971],[29.998820428020338,-0.716803481095781],[30.058248324900262,-0.760004977747542],[30.062072380735742,-0.798503919420341],[30.057318149812772,-0.837054538835901],[30.040574984747707,-0.873331394228444],[30.037887811373366,-0.900926609175656],[30.059695264824597,-0.914930922224301],[30.077782017026436,-0.9315190567591],[30.074888137177766,-0.95348154074054],[30.0763350771021,-0.974358819104225],[30.068066846907413,-0.992290540775855],[30.04853315568056,-1.009292086460619],[30.044192335907553,-1.025001722751313],[30.043055454345733,-1.043398532416347],[30.04873986215489,-1.066497897959607],[30.06837690616925,-1.086703382754934],[29.93174441857002,-1.049961440268248],[29.900118443111637,-1.044122002828203],[29.83025190570089,-0.923974297875532],[29.83314578644888,-0.903097018612527],[29.846478305929054,-0.884803561734998],[29.842654250093574,-0.862065932296957],[29.823430617229178,-0.840516859465481],[29.839531409147185,-0.758889786934105],[29.781986117964948,-0.670294691646689],[29.772891066369596,-0.643577975842902],[29.775784946218266,-0.61365732182793],[29.75098025923154,-0.614794202490486],[29.727209100119865,-0.609729913204944],[29.70881228955551,-0.582909844613653],[29.704781528144963,-0.549836927432239],[29.71087934710414,-0.490874118545719],[29.710052524804155,-0.43232472080922],[29.629384805864106,-0.442400817643602]]]}"
Sembabule,UG-111,"{""type"":""Polygon"",""coordinates"":[[[31.000723097393006,0.202313544334572],[31.008784621113364,0.206706040951019],[31.045784946018443,0.20577586496421],[31.08133833189845,0.211666978348376],[31.119475539264727,0.231148992731846],[31.157406040156616,0.227686672102209],[31.185207960678838,0.195130519757697],[31.21776411302335,0.17032583277097],[31.25920861228758,0.16913727526503],[31.289387647821684,0.198592841286597],[31.3347595557089,0.200556545148402],[31.37992475802116,0.197197577306326],[31.396564569399345,0.186293850580739],[31.419095493262375,0.15120555269408],[31.439559359576776,0.142472236304627],[31.5179008318579,0.099477444328556],[31.591798129779818,0.049351305518314],[31.550353631414964,0.018293769042202],[31.564539754106363,-0.054394066632881],[31.587310624285863,-0.17109477540356],[31.607235134793598,-0.262178255222295],[31.604388776021153,-0.296334560491573],[31.585183546883172,-0.303133640205317],[31.5166605966092,-0.313675631725062],[31.460539991627286,-0.314915866973706],[31.438525831701725,-0.30995492867703],[31.41671837735123,-0.307319431246754],[31.333984695337392,-0.293488201719128],[31.278225538677646,-0.260862318641102],[31.28928429503418,-0.236264337229386],[31.29682905391769,-0.20861744453947],[31.307164340761688,-0.184691256696169],[31.310988396597224,-0.157561129742362],[31.309644810359714,-0.142574964762844],[31.304787224850543,-0.128105563720794],[31.309024692735363,-0.100406995986077],[31.28773400232234,-0.075964044205307],[31.259518669750776,-0.057877292003411],[31.246599562319943,-0.092500501896666],[31.19368289644848,-0.067127374129029],[31.190478957337973,-0.0496090627081],[31.136735467367885,-0.031935722555545],[31.113274366618725,-0.02743987405097],[31.099528435988532,-0.036638278433827],[31.077617628850476,-0.044441419735733],[31.044027947731593,-0.034726250516087],[31.01581261605935,-0.03090219468055],[31.022117139694217,-0.014210706458925],[31.035036248923745,-0.001084892553763],[31.043614535682252,0.020567532165842],[31.042787713382268,0.084904690499059],[31.038653599184215,0.124747219308688],[31.017879672708716,0.162264309050613],[31.000723097393006,0.202313544334572]]]}"
Serere,UG-232,"{""type"":""Polygon"",""coordinates"":[[[33.40502078628026,1.335526027803951],[33.39272179467508,1.354723822246569],[33.37825239363303,1.370614324791234],[33.33277713385763,1.368314724145193],[33.2878186380197,1.355369778292641],[33.20803257754142,1.368870776764936],[33.20720340261494,1.462830918911777],[33.21472747889004,1.572018217366804],[33.24637413875547,1.615844835470796],[33.248959879394874,1.655361889739424],[33.25480663731645,1.69921257010401],[33.31327421113593,1.69921257010401],[33.35420151298939,1.71675284206998],[33.36881840644429,1.693365812182492],[33.43605611669642,1.675825540216522],[33.46528990360616,1.61443458788591],[33.50914058397075,1.585200800976168],[33.579301673633324,1.567660528110878],[33.64361600447501,1.573507286032395],[33.715394015821175,1.591654506849977],[33.66691694496103,1.4131440287739],[33.6254724456968,1.392705999981899],[33.61327680777845,1.385290432307613],[33.60097781797191,1.384205226689858],[33.58940229677853,1.376815497437235],[33.57048872227671,1.35498220556434],[33.55932661313267,1.330100002413189],[33.49793501239088,1.318937893269151],[33.47416385327921,1.323847153823067],[33.45452680836547,1.315527249482955],[33.43830040903663,1.319351305318492],[33.42827518055509,1.338884996545346],[33.40502078628026,1.335526027803951]]]}"
Sheema,UG-425,"{""type"":""Polygon"",""coordinates"":[[[30.47000613787293,-0.445967298651908],[30.46886925631111,-0.487360121072754],[30.446751742698723,-0.560637302269697],[30.440447219063913,-0.592469985101729],[30.42515099482256,-0.63029713320617],[30.33843794135788,-0.714167982766185],[30.27270551904445,-0.75494068756268],[30.238082310050572,-0.755819186706105],[30.209143507966473,-0.749618014959424],[30.18733605271666,-0.724813327972697],[30.196679861286555,-0.688245038277898],[30.165282194917324,-0.633299122356618],[30.247701068349613,-0.625449705539495],[30.31442110904692,-0.617600288722372],[30.326195233822943,-0.55872966484219],[30.326195233822943,-0.492009625044147],[30.337969358599025,-0.456687250716072],[30.47000613787293,-0.445967298651908]]]}"
Sironko,UG-215,"{""type"":""Polygon"",""coordinates"":[[[34.470795525992685,1.098021144959887],[34.388733350663585,1.105514227899278],[34.3571073752052,1.086445623766508],[34.324964634010655,1.099002996890761],[34.291788364041736,1.107012843767734],[34.27680219906222,1.103550523138097],[34.262849561957694,1.104273993549953],[34.2483801609157,1.114092515557161],[34.23236046716181,1.118640041804497],[34.21737430218229,1.137656969093825],[34.20538536983895,1.158430893770742],[34.17965050596604,1.153469957272705],[34.15691287562868,1.163185126492408],[34.19184614388439,1.193002427719875],[34.21417036307179,1.241629949762341],[34.303191929463935,1.22867352136592],[34.37844421253038,1.20841329124039],[34.40449307919221,1.182364424578509],[34.45369649469745,1.176575787142838],[34.49421695404919,1.167892831888651],[34.524228956700995,1.162254950505542],[34.507484984944085,1.102517801955003],[34.470795525992685,1.098021144959887]]]}"
Soroti,UG-211,"{""type"":""Polygon"",""coordinates"":[[[33.35420151298939,1.71675284206998],[33.400975571865104,1.751833386901296],[33.43788699698729,1.773871365371178],[33.43871382018665,1.793560085329659],[33.43892052576166,1.812344469521634],[33.45659386591416,1.844383857029356],[33.45390669074118,1.866656399373312],[33.443778110371454,1.887430324949548],[33.45111616368001,1.930399278503899],[33.462691684873334,1.971223660143778],[33.46837609178317,2.003753974066626],[33.49225060368241,2.021427314219181],[33.53090457498615,2.012926540927083],[33.549818150387296,1.977011419841119],[33.57462283737402,1.949700425734022],[33.60769575365606,1.930916042441368],[33.629193149644095,1.926316840249967],[33.649243604808476,1.918126125320441],[33.65575483581699,1.90091787406061],[33.659682245339354,1.883657945058133],[33.677975702216884,1.868206692085153],[33.699576450093105,1.85738047882603],[33.709394972100256,1.847019355358952],[33.71817996623241,1.835159613325459],[33.75269982333816,1.807150987228283],[33.781638625422204,1.774000556580404],[33.787012973969524,1.753355821314074],[33.79001020660576,1.73172923411687],[33.7984851423754,1.720205389766932],[33.809027133895086,1.708319810211037],[33.80540978363456,1.685659695138781],[33.810577426606926,1.668270574927078],[33.785876092407705,1.65635915784884],[33.75476687998753,1.661966051292211],[33.73378624883628,1.645894679795617],[33.722314081329785,1.617136745764185],[33.715394015821175,1.591654506849977],[33.64361600447501,1.573507286032395],[33.579301673633324,1.567660528110878],[33.50914058397075,1.585200800976168],[33.46528990360616,1.61443458788591],[33.43605611669642,1.675825540216522],[33.36881840644429,1.693365812182492],[33.35420151298939,1.71675284206998]]]}"
Tororo,UG-212,"{""type"":""Polygon"",""coordinates"":[[[34.29625187562357,0.746745807173227],[34.29230432100013,0.723729553000027],[34.276181275000056,0.680838114000068],[34.252100057000064,0.654999898000142],[34.21975061100011,0.638566793000081],[34.17913293400005,0.623890686000095],[34.149574016000145,0.603633524000088],[34.13241743900005,0.572834371000027],[34.13158774800007,0.569432983000056],[34.131074659867636,0.569526271720065],[34.1265271336203,0.570353094919369],[34.029685499785955,0.576864325028566],[34.01201215963346,0.570663153281885],[33.99537234915459,0.561413072055643],[33.97635542186521,0.561516424843148],[33.95713178900087,0.564151923172687],[33.89553348178475,0.608697007860599],[33.88251102066704,0.648229478307769],[33.865147738877,0.684558010543753],[33.87269249865989,0.69334300377659],[33.87362267374738,0.705228583332428],[33.92343875509442,0.816797999727896],[33.94669315026863,0.848268948253349],[33.97904259613887,0.870179755391405],[33.99723270022889,0.872453518515044],[34.01614627473077,0.87255687130255],[34.03350955562149,0.879481513461087],[34.04787560387598,0.891573797692615],[34.06461876804167,0.900772202974792],[34.084979281568565,0.902322495686633],[34.11071414634074,0.891315416173484],[34.13365848225311,0.87679433828805],[34.152468703068166,0.855917059924366],[34.16373416499971,0.828063463458079],[34.229569940100646,0.775353502262305],[34.2958191263516,0.746931464115789],[34.29625187562357,0.746745807173227]]]}"
Wakiso,UG-113,"{""type"":""Polygon"",""coordinates"":[[[32.26305856210291,0.434572727549323],[32.21920226547218,0.503492248268628],[32.22266401503225,0.574125473911465],[32.2518095226913,0.566942450233853],[32.278474561651706,0.55056102127412],[32.30245242723771,0.539243883398512],[32.33035769964812,0.546116847814289],[32.345343866426276,0.556348781870781],[32.3604333841933,0.563273424029262],[32.45489790211644,0.55247304919186],[32.5041972186267,0.552886461241201],[32.54161095558112,0.543119615178114],[32.579851514835525,0.571438300537125],[32.62449995321026,0.556142076295771],[32.67018191856067,0.556452135557606],[32.67069868339752,0.5289602733979],[32.65953657425348,0.503690497518448],[32.638039178265444,0.501210027920422],[32.618608839826095,0.495525621010586],[32.61220096160508,0.477748928070582],[32.59711144383806,0.466483466139039],[32.57912804532299,0.465191554946273],[32.56662234904218,0.476095282571237],[32.54905236167713,0.483433335879738],[32.53582319498446,0.442557278295737],[32.544401482642286,0.43010325795899],[32.55949100130863,0.417804267253132],[32.555563591786324,0.410569565832759],[32.556700474247464,0.401887926286747],[32.56341840993167,0.39615184253347],[32.56507205633034,0.388762112381585],[32.55897423737116,0.361166897434373],[32.54512495305414,0.343596910069323],[32.5235242042786,0.303340969210353],[32.547295363390276,0.273730374457216],[32.60738688709512,0.288444736435451],[32.66418745328832,0.287631333818979],[32.642690057300285,0.257865709434952],[32.63152794815625,0.215439358239792],[32.619952426962925,0.133738918116592],[32.621709426149096,0.002377428075818],[32.567139112979646,-0.064905286949454],[32.522283969929276,-0.124333183829378],[32.493138462270224,-0.163090508819948],[32.387511834303666,-0.159783216921937],[32.2481921733301,-0.158387952941666],[32.2518095226913,-0.106091403795233],[32.2486055835808,-0.058807467990277],[32.22421430774409,-0.018034763193782],[32.21997684075859,0.028887437405274],[32.22690148291707,0.049609687037389],[32.246641879718936,0.062218736105763],[32.2682426293938,0.079478665108297],[32.278267856976015,0.1072805847312],[32.29625125459171,0.118235989199547],[32.318162061729765,0.124902248939634],[32.3372823418066,0.141025295480972],[32.3499947445618,0.163349513769049],[32.35815962106966,0.183606676307079],[32.37293908137349,0.196732489312922],[32.396710238686524,0.207791246568775],[32.40993940627857,0.226808172958783],[32.42368533690876,0.264842027537554],[32.43957664164867,0.360042871681173],[32.368969410010266,0.434572727549323],[32.26305856210291,0.434572727549323]]]}"
Yumbe,UG-313,"{""type"":""Polygon"",""coordinates"":[[[31.523739461000048,3.656082866000062],[31.534519828000043,3.665562968000103],[31.535521688000074,3.666443990000076],[31.547200562000057,3.680990906000119],[31.564770549000116,3.689801737000025],[31.61394455197242,3.697013761172279],[31.586840738409308,3.632199980444739],[31.53516075996106,3.562728583557259],[31.46374393073779,3.457954617211783],[31.455974331450193,3.352590097554923],[31.460652165864758,3.219271809546342],[31.524515414754546,3.144666246050406],[31.5124231296237,3.118595486292634],[31.424159784346557,3.130687771423482],[31.419302198837386,3.176111355254818],[31.398528273261206,3.21933869122762],[31.371243116676453,3.2228010118572],[31.347782016826613,3.230009873956533],[31.335689731695766,3.253574327493197],[31.316982862768896,3.269826565243761],[31.266236607233623,3.28427012786409],[31.22530887190692,3.314345811510009],[31.20546512231755,3.334887193089457],[31.17652632023345,3.343930568740745],[31.150998162834924,3.348064682938741],[31.130741001196213,3.336540839488123],[31.122472771900902,3.312898870686297],[31.103145786249,3.297861028863394],[31.07482710088999,3.292202460375222],[31.05374311695124,3.312976385951458],[31.048804564578973,3.424588195488809],[31.037108125939255,3.532780252906321],[31.051728674238916,3.664365186704003],[31.068676798000126,3.731737162000115],[31.077668498000094,3.735302836000088],[31.104408487000114,3.756175184000099],[31.14148889200004,3.785118917000119],[31.16758549000008,3.792405294000105],[31.214817749000133,3.792353617000089],[31.255745483000055,3.786669210000042],[31.295019572000115,3.77418935200005],[31.377701863000084,3.729308370000055],[31.505446004000078,3.659855245000088],[31.523739461000048,3.656082866000062]]]}"
Zombo,UG-331,"{""type"":""Polygon"",""coordinates"":[[[30.87178959200014,2.332055155000106],[30.85494307500005,2.339703268000093],[30.836339559000123,2.356343078000108],[30.819803101000105,2.375980123000147],[30.809674520000044,2.392361552000096],[30.80698734500004,2.40698598200008],[30.80714237500007,2.422178853000105],[30.804920288000062,2.434374491000113],[30.794998413000087,2.440110575000077],[30.724925171000052,2.440782369000061],[30.710559123000053,2.445123189000043],[30.707665243000065,2.46227976500009],[30.71676029400004,2.483105367000064],[30.729369344000133,2.503465882000086],[30.737017456000103,2.519537252000063],[30.737844279000058,2.53746897400012],[30.734020223000073,2.574469300000075],[30.73526045800014,2.593072815000127],[30.739394572000037,2.603304749000117],[30.758928263000087,2.633793844000095],[30.76125370300008,2.64159698500012],[30.762013299000046,2.645781198000108],[30.76430261300004,2.658391825000081],[30.770779427484992,2.675847141744667],[30.834176090054484,2.689849776645872],[30.868255311733208,2.712075356392575],[30.92456011315869,2.731337525206584],[30.966047861719403,2.737264347071971],[30.975815056719455,2.69704498883516],[30.988940870624674,2.66025137040441],[30.98883751783717,2.61477610883037],[31.04830549210476,2.58889263558666],[31.06927333219852,2.524743453547558],[31.054756231115164,2.486998990910706],[31.02427031901999,2.468126760041912],[31.018463478406773,2.431834007333578],[30.97636388598454,2.426027167619679],[30.968011108725648,2.405435689305591],[30.930907430000104,2.405590719000088],[30.91447432400014,2.378150534000042],[30.900573364000138,2.345956116000096],[30.87178959200014,2.332055155000106]]]}"
